球员,得分,犯规,失误,盖帽,抢断,助攻,篮板,防守篮板,进攻篮板,罚球命中率,三分命中率,投篮命中率,出场时间,先发,场次
Precious Achiuwa,7.05,1.7799999999999998,0.9249999999999999,0.51,0.42000000000000004,0.8,4.95,3.35,1.6,55.2,17.95,49.15,17.85,16.0,67.0
Precious Achiuwa,7.05,1.7799999999999998,0.9249999999999999,0.51,0.42000000000000004,0.8,4.95,3.35,1.6,55.2,17.95,49.15,17.85,16.0,67.0
Steven Adams,9.277777777777779,2.4655555555555555,1.431111111111111,0.9455555555555557,0.8822222222222222,1.5222222222222221,8.066666666666666,4.466666666666667,3.5999999999999996,54.48888888888889,3.6999999999999997,57.86666666666666,26.888888888888886,66.55555555555556,73.77777777777777
Bam Adebayo,13.9,2.4659999999999997,2.1100000000000003,0.898,1.0139999999999998,3.5200000000000005,8.379999999999999,6.239999999999999,2.14,73.98,11.86,55.44,28.560000000000002,47.8,68.6
Santi Aldama,4.1,1.13,0.5,0.31,0.19,0.7,2.7,1.7,1.0,62.5,12.5,40.2,11.3,0,32
LaMarcus Aldridge,18.083333333333332,2.3294444444444444,1.4527777777777777,1.1533333333333333,0.6588888888888889,1.9277777777777776,7.533333333333335,5.277777777777779,2.255555555555555,82.6,27.444444444444443,49.477777777777774,32.20555555555555,56.666666666666664,61.22222222222222
Nickeil Alexander-Walker,5.477777777777778,0.9644444444444444,0.8200000000000001,0.2111111111111111,0.4033333333333333,1.3666666666666667,1.6111111111111112,1.3777777777777775,0.23333333333333334,49.56666666666666,21.822222222222223,24.833333333333332,11.766666666666667,6.333333333333333,30.0
Grayson Allen,7.45,1.153333333333333,0.7083333333333334,0.12333333333333335,0.38999999999999996,1.2,1.9333333333333333,1.7,0.2333333333333333,70.28333333333333,32.18333333333333,36.23333333333334,16.866666666666664,16.833333333333332,38.333333333333336
Jarrett Allen,11.928571428571429,1.8714285714285717,1.4528571428571428,1.3914285714285712,0.5514285714285714,1.4857142857142855,9.214285714285714,6.314285714285714,2.9,71.04285714285716,17.11428571428571,62.98571428571429,27.371428571428567,45.857142857142854,57.714285714285715
Jose Alvarado,6.1,1.35,0.74,0.13,1.31,2.8,1.9,1.4,0.5,67.9,29.1,44.6,15.4,1,54
Kyle Anderson,6.4750000000000005,1.51125,0.9362500000000001,0.5800000000000001,0.9862500000000001,2.2625,4.3375,3.5999999999999996,0.7375,69.4625,31.775,46.487500000000004,20.775000000000002,31.0,63.125
Giannis Antetokounmpo,22.377777777777776,3.0011111111111113,2.9166666666666665,1.2988888888888888,1.1611111111111112,4.688888888888888,9.588888888888889,7.866666666666666,1.722222222222222,71.63333333333334,27.755555555555556,52.37777777777777,32.522222222222226,65.66666666666667,72.88888888888889
Thanasis Antetokounmpo,3.0749999999999997,1.155,0.47250000000000003,0.1325,0.2675,0.525,1.475,0.8999999999999999,0.575,38.8,9.600000000000001,57.150000000000006,7.275,2.75,31.75
Carmelo Anthony,20.133333333333326,2.614166666666667,2.0979166666666664,0.48583333333333334,0.8354166666666667,2.35,5.699999999999999,4.316666666666666,1.383333333333333,74.03333333333335,31.716666666666665,40.5125,31.329166666666662,49.958333333333336,56.125
Cole Anthony,14.600000000000001,2.36,2.44,0.32,0.675,4.9,5.050000000000001,4.4,0.65,84.30000000000001,33.75,39.400000000000006,29.4,49.5,56.0
OG Anunoby,11.3,2.33,1.196,0.48599999999999993,1.158,1.56,4.38,3.28,1.1,69.08,37.080000000000005,47.04,27.879999999999995,45.4,60.2
Ryan Arcidiacono,2.785714285714286,0.9414285714285714,0.3985714285714285,0.014285714285714287,0.3157142857142858,1.2285714285714284,1.2428571428571427,1.1428571428571428,0.09999999999999999,43.81428571428571,33.07142857142857,38.42857142857143,11.185714285714283,5.142857142857143,32.42857142857143
D.J. Augustin,8.741666666666665,1.2808333333333335,1.4058333333333335,0.029583333333333336,0.5425000000000001,3.5583333333333336,1.7249999999999999,1.4625000000000001,0.26250000000000007,87.27916666666665,37.1625,40.324999999999996,21.854166666666668,15.458333333333334,54.291666666666664
Deni Avdija,7.35,2.455,0.835,0.41000000000000003,0.655,1.6,4.949999999999999,4.45,0.5,70.05000000000001,31.6,42.45,23.75,20.0,68.0
Deandre Ayton,16.525,2.8274999999999997,1.735,1.0825,0.705,1.625,10.625,7.3999999999999995,3.225,75.35,19.975,59.775,30.85,57.25,59.0
Udoka Azubuike,2.9000000000000004,1.035,0.45499999999999996,0.46,0.065,0.0,2.5500000000000003,1.85,0.7000000000000001,67.25,0.0,59.95,7.65,3.0,16.0
Marvin Bagley III,13.066666666666665,2.256666666666667,1.1383333333333334,0.5866666666666668,0.5,0.8833333333333333,7.216666666666666,4.933333333333334,2.3000000000000003,67.88333333333334,25.766666666666666,49.949999999999996,24.983333333333334,17.0,35.666666666666664
LaMelo Ball,17.9,2.915,3.0549999999999997,0.375,1.59,6.85,6.25,4.95,1.2999999999999998,81.5,37.05,43.25,30.549999999999997,53.0,63.0
Lonzo Ball,10.185714285714287,1.8585714285714283,2.2214285714285715,0.5542857142857144,1.3257142857142858,5.342857142857143,4.942857142857143,4.057142857142857,0.8857142857142858,50.44285714285714,31.214285714285715,34.41428571428571,27.87142857142857,41.857142857142854,45.0
Mo Bamba,7.550000000000001,2.1225,0.8625,1.4175,0.3725,0.875,5.949999999999999,4.25,1.7000000000000002,68.1,33.725,47.375,18.0,18.75,56.5
Desmond Bane,13.7,2.21,1.165,0.31,0.905,2.2,3.75,3.2,0.55,85.94999999999999,43.400000000000006,46.5,26.05,46.5,72.0
Dalano Banton,3.2,1.06,0.83,0.16,0.44,1.5,1.9,1.3,0.6,59.1,25.5,41.1,10.9,1,64
Harrison Barnes,14.5,1.5824999999999998,1.2491666666666668,0.18416666666666667,0.6833333333333332,1.8499999999999999,5.116666666666668,4.125,0.9833333333333333,79.65833333333333,38.0,45.03333333333333,32.16666666666667,63.583333333333336,68.66666666666667
Scottie Barnes,15.3,2.6,1.84,0.74,1.08,3.5,7.5,4.9,2.6,73.5,30.1,49.2,35.4,74,74
RJ Barrett,17.3,2.2733333333333334,2.1,0.27,0.7766666666666667,2.8666666666666667,5.5,4.6,0.9,69.13333333333334,35.43333333333333,41.7,33.266666666666666,65.66666666666667,66.0
Will Barton,10.55,1.5158333333333334,1.3491666666666664,0.39250000000000007,0.7483333333333332,2.458333333333333,3.9416666666666664,3.2583333333333333,0.6750000000000002,77.79166666666666,31.383333333333336,42.416666666666664,23.916666666666668,23.666666666666668,56.75
Charles Bassey,3.0,1.39,0.35,0.74,0.22,0.3,2.7,1.7,1.0,75.0,0.0,63.8,7.3,0,23
Keita Bates-Diop,5.316666666666667,0.89,0.445,0.41500000000000004,0.43,0.5333333333333332,2.783333333333333,2.166666666666667,0.6166666666666667,71.53333333333335,30.766666666666666,45.01666666666666,14.933333333333332,2.8333333333333335,34.5
Nicolas Batum,10.671428571428573,1.7349999999999997,1.604285714285714,0.6257142857142858,0.9399999999999998,3.3714285714285714,5.035714285714286,4.042857142857143,0.9928571428571429,83.02142857142857,36.19285714285714,43.75714285714285,29.978571428571428,57.57142857142857,65.35714285714286
Kent Bazemore,7.553333333333333,1.9653333333333332,1.2473333333333332,0.3993333333333334,0.9066666666666667,1.5666666666666664,2.9,2.5799999999999996,0.32000000000000006,65.34666666666666,32.42666666666666,37.55333333333333,18.94,23.066666666666666,52.8
Darius Bazley,7.140000000000001,0.776,0.992,0.5660000000000001,0.43,0.9199999999999999,4.3,3.72,0.58,55.56,25.659999999999997,32.120000000000005,19.22,25.2,49.2
Bradley Beal,22.0,2.2239999999999998,2.462,0.38299999999999995,1.108,4.2299999999999995,4.09,3.22,0.8699999999999999,81.11999999999999,37.160000000000004,45.13,34.63,61.1,64.5
Malik Beasley,11.225000000000001,1.2262499999999998,0.8712500000000001,0.12000000000000001,0.58625,1.3250000000000002,2.6250000000000004,2.25,0.375,80.22500000000001,37.675,43.1625,21.4,12.625,48.875
Davis Bertans,7.7299999999999995,1.612,0.523,0.33,0.396,0.9099999999999999,2.5300000000000002,2.23,0.3,77.3,34.58,36.88,17.5,4.3,49.7
Patrick Beverley,8.97,3.0459999999999994,1.3329999999999997,0.522,1.1720000000000002,3.3600000000000003,4.140000000000001,2.9899999999999998,1.15,76.29,37.989999999999995,41.39,27.090000000000003,43.8,52.6
Saddiq Bey,14.15,1.565,1.015,0.2,0.815,2.0999999999999996,4.95,4.0,0.95,83.55000000000001,36.3,40.0,30.15,67.5,76.0
Khem Birch,6.042857142857144,1.7257142857142858,0.6242857142857144,0.6385714285714286,0.557142857142857,1.1285714285714286,5.057142857142857,2.8571428571428577,2.1999999999999997,69.55714285714286,10.428571428571429,52.01428571428572,19.557142857142853,13.857142857142858,47.0
Goga Bitadze,5.1000000000000005,1.8099999999999998,0.6066666666666667,0.9533333333333333,0.27,0.7666666666666667,2.966666666666667,1.8333333333333333,1.1333333333333335,71.53333333333333,24.366666666666664,47.166666666666664,11.933333333333332,7.0,49.666666666666664
Bismack Biyombo,5.227272727272727,2.1709090909090913,0.8954545454545453,1.2463636363636366,0.2563636363636364,0.6,5.945454545454544,3.972727272727273,1.9727272727272729,55.809090909090905,0.0,54.11818181818182,19.490909090909092,28.181818181818183,67.0909090909091
Nemanja Bjelica,7.111111111111111,2.207777777777778,0.9522222222222223,0.3344444444444445,0.5877777777777777,1.822222222222222,4.144444444444445,3.1777777777777776,0.9666666666666666,73.53333333333335,36.422222222222224,45.888888888888886,19.01111111111111,18.333333333333332,54.0
Eric Bledsoe,13.04375,1.8712500000000003,2.410625,0.4425,1.316875,4.2875,3.4812499999999993,2.8,0.68125,71.98125,30.65625,41.50000000000001,26.012499999999996,41.9375,55.25
Keljin Blevins,1.9,0.705,0.42000000000000004,0.015,0.27,0.4,1.0,0.65,0.35,27.25,27.1,27.8,7.8500000000000005,0.5,24.0
Bogdan Bogdanovic,14.5,2.154,1.456,0.238,1.038,3.3800000000000003,3.5,3.0200000000000005,0.48,83.2,38.6,44.16,28.740000000000002,30.2,63.2
Bojan Bogdanovic,14.049999999999999,1.5241666666666667,1.5583333333333336,0.0725,0.4775,1.4416666666666667,3.316666666666667,2.8333333333333335,0.49166666666666664,79.77499999999999,35.699999999999996,41.55833333333333,26.399999999999995,50.25,62.25
Bol Bol,2.0444444444444443,0.4666666666666667,0.4255555555555556,0.25666666666666665,0.09444444444444444,0.3111111111111111,1.0,0.7777777777777778,0.2222222222222222,34.077777777777776,19.58888888888889,28.255555555555553,4.6,0.2222222222222222,8.222222222222221
Leandro Bolmaro,0.7,0.37,0.185,0.0,0.085,0.3,0.65,0.4,0.25,42.3,13.9,15.75,3.45,1.0,17.5
Isaac Bonga,2.2833333333333337,1.2366666666666666,0.4549999999999999,0.19499999999999998,0.4333333333333334,0.6666666666666666,1.6833333333333333,1.1166666666666667,0.5666666666666667,57.9,20.51666666666667,29.349999999999998,9.783333333333333,17.666666666666668,34.833333333333336
Devin Booker,23.771428571428572,2.9557142857142855,3.165714285714285,0.2671428571428572,0.8385714285714286,4.728571428571429,3.971428571428571,3.442857142857143,0.5285714285714286,86.71428571428571,35.6,45.48571428571429,33.785714285714285,64.57142857142857,68.14285714285714
Brandon Boston Jr.,6.7,0.84,0.61,0.25,0.51,1.0,2.1,1.8,0.3,81.9,30.6,38.5,14.9,0,51
Chris Boucher,6.58,1.58,0.4,0.9259999999999999,0.35,0.38,4.06,2.76,1.3,64.32000000000001,26.52,37.940000000000005,13.060000000000002,4.6,46.2
James Bouknight,4.6,0.94,0.48,0.03,0.23,0.8,1.7,1.0,0.7,87.1,34.7,34.8,9.8,0,31
Avery Bradley,9.163636363636364,1.9440909090909089,1.1759090909090908,0.15181818181818182,0.8322727272727272,1.586363636363636,2.4090909090909087,1.9318181818181819,0.48181818181818187,73.27727272727272,30.36818181818182,38.4590909090909,23.94545454545454,34.0,41.22727272727273
Tony Bradley,5.114285714285714,1.3742857142857143,0.6385714285714286,0.5657142857142857,0.31428571428571433,0.5714285714285714,4.4714285714285715,2.6714285714285713,1.8,69.12857142857142,14.285714285714286,57.51428571428572,12.185714285714285,3.7142857142857144,29.857142857142858
Ignas Brazdeikis,3.425,0.7775,0.41874999999999996,0.10750000000000001,0.13,0.6625000000000001,1.7625,1.325,0.4125,57.962500000000006,16.65,23.025000000000002,10.3625,0.125,10.75
Mikal Bridges,11.274999999999999,2.0300000000000002,0.8675,0.6025,1.2999999999999998,2.075,3.925,3.0250000000000004,0.9,83.075,37.25,50.425000000000004,31.224999999999998,60.5,77.25
Miles Bridges,13.350000000000001,2.0,1.395,0.745,0.7275,2.25,5.65,4.525,1.125,80.77499999999999,34.65,47.05,29.175,47.0,72.75
Oshae Brissett,6.5600000000000005,1.14,0.43200000000000005,0.48600000000000004,0.534,0.66,3.54,2.56,0.9800000000000001,60.660000000000004,27.919999999999998,34.76,15.959999999999999,11.4,25.6
Malcolm Brogdon,14.0125,1.7100000000000002,1.6662500000000002,0.21000000000000002,0.70625,4.575,3.8374999999999995,3.1125,0.7250000000000001,77.2375,32.0875,40.300000000000004,26.837500000000002,39.0,48.375
Armoni Brooks,5.0600000000000005,1.1280000000000001,0.49400000000000005,0.17600000000000002,0.43,0.9600000000000002,1.8,1.44,0.36,65.64,25.14,27.620000000000005,14.039999999999997,5.4,25.6
Dillon Brooks,14.060000000000002,3.25,1.5220000000000002,0.288,0.9199999999999999,1.94,2.84,2.1,0.74,79.04,34.839999999999996,42.0,26.68,49.0,54.4
Bruce Brown,7.75,2.4675,0.9875,0.5349999999999999,0.8975,2.225,4.375,3.1750000000000003,1.2000000000000002,74.55,32.35,47.574999999999996,23.674999999999997,45.25,67.25
Jaylen Brown,17.11666666666667,2.5366666666666666,1.9316666666666666,0.3666666666666667,0.9700000000000001,2.1333333333333333,5.083333333333333,4.166666666666667,0.9166666666666666,70.55,36.98333333333333,47.050000000000004,29.299999999999997,49.333333333333336,67.16666666666667
Moses Brown,4.0249999999999995,1.1637500000000003,0.47500000000000003,0.44375000000000003,0.2675,0.0625,3.775,2.4375,1.3375,42.375,0.0,40.7625,9.274999999999999,9.5,21.875
Sterling Brown,5.4,1.416,0.666,0.178,0.52,1.0,3.3200000000000003,2.7600000000000002,0.5599999999999999,82.08000000000001,35.28,41.3,16.779999999999998,5.8,52.8
Greg Brown III,4.7,1.88,0.75,0.5,0.54,0.7,2.8,2.0,0.8,67.7,31.1,42.6,13.3,6,48
Charlie Brown Jr.,2.0000000000000004,0.944,0.286,0.22200000000000003,0.446,0.42000000000000004,1.14,0.76,0.36,74.0,15.299999999999997,26.78,8.5,1.0,12.6
Chaundee Brown Jr.,5.633333333333333,1.2433333333333334,0.2333333333333333,0.0,0.3566666666666667,0.7000000000000001,2.9333333333333336,2.766666666666667,0.16666666666666666,55.53333333333333,24.433333333333334,27.2,19.666666666666668,1.3333333333333333,3.3333333333333335
Troy Brown Jr.,5.666666666666667,1.375,0.6416666666666666,0.13666666666666666,0.5266666666666667,1.2833333333333334,3.4666666666666672,2.766666666666667,0.7000000000000001,74.13333333333333,32.73333333333333,43.36666666666667,17.183333333333334,6.5,42.5
Jalen Brunson,11.600000000000001,1.6375000000000002,1.28,0.0425,0.5625,3.7,3.0,2.6,0.4,79.325,37.099999999999994,48.95,24.15,31.75,69.25
Thomas Bryant,9.379999999999999,1.816,0.782,0.742,0.31599999999999995,1.1800000000000002,4.94,3.6,1.34,72.4,31.1,54.92,18.779999999999998,21.6,34.0
Reggie Bullock,6.34,1.1586666666666665,0.5113333333333333,0.13333333333333333,0.5146666666666666,1.0066666666666666,2.08,1.813333333333333,0.26666666666666666,73.96000000000001,32.0,36.14,18.926666666666666,21.333333333333332,37.46666666666667
Trey Burke,9.492307692307692,1.1861538461538461,0.9707692307692307,0.09923076923076925,0.566923076923077,2.923076923076923,1.6769230769230767,1.3153846153846156,0.36153846153846153,81.26153846153846,36.96153846153846,42.97692307692308,19.507692307692306,10.692307692307692,45.30769230769231
Alec Burks,9.88235294117647,1.6317647058823526,1.1029411764705883,0.1988235294117647,0.6300000000000001,1.8764705882352943,3.2705882352941176,2.735294117647059,0.5294117647058824,76.36470588235295,32.923529411764704,39.36470588235294,21.100000000000005,10.470588235294118,44.411764705882355
Jared Butler,3.8,1.12,0.79,0.19,0.4,1.5,1.1,1.0,0.1,68.8,31.8,40.4,8.6,1,42
Jimmy Butler,16.813333333333333,1.3626666666666665,1.5273333333333337,0.4773333333333333,1.5839999999999999,3.9799999999999995,4.993333333333334,3.513333333333333,1.4733333333333334,77.57333333333332,28.546666666666667,42.63333333333333,30.700000000000003,47.2,54.2
Devontae Cacok,2.84,0.514,0.13,0.23399999999999999,0.256,0.38,2.44,1.72,0.72,31.939999999999998,0.0,48.8,6.0200000000000005,0.2,10.2
Kentavious Caldwell-Pope,11.544444444444444,1.8355555555555556,1.028888888888889,0.22888888888888884,1.0944444444444443,1.688888888888889,3.144444444444444,2.522222222222222,0.6222222222222222,81.06666666666666,35.97777777777778,42.27777777777778,29.26666666666667,60.111111111111114,75.88888888888889
Facundo Campazzo,5.6,1.9699999999999998,1.0750000000000002,0.285,1.095,3.5,1.9,1.5499999999999998,0.35,82.4,32.650000000000006,37.1,20.049999999999997,11.5,65.0
Vlatko Cancar,2.4666666666666663,0.7133333333333333,0.3833333333333333,0.10666666666666667,0.15666666666666668,0.5333333333333333,1.3666666666666665,0.9666666666666667,0.39999999999999997,80.39999999999999,34.1,47.300000000000004,7.266666666666667,0.6666666666666666,23.333333333333332
Devin Cannady,4.766666666666667,0.9766666666666666,0.4166666666666667,0.24333333333333332,0.5433333333333333,0.7000000000000001,0.6,0.5333333333333333,0.06666666666666667,52.366666666666674,26.0,24.46666666666667,12.766666666666666,0.0,4.333333333333333
Clint Capela,10.690000000000001,2.1160000000000005,1.03,1.349,0.5900000000000001,0.85,9.48,6.4,3.08,43.839999999999996,0.0,54.73,23.49,44.9,51.0
Vernon Carey Jr.,2.825,0.6325000000000001,0.395,0.17250000000000001,0.23249999999999998,0.025,1.7,0.725,0.975,58.675,3.575,52.724999999999994,6.425,1.5,8.25
Jevon Carter,3.9625,1.05,0.46749999999999997,0.205,0.495,1.35,1.5875,1.2875,0.30000000000000004,70.2625,35.387499999999996,34.787499999999994,12.850000000000001,1.75,43.375
Wendell Carter Jr.,11.733333333333334,2.9883333333333333,1.5483333333333336,0.8700000000000001,0.645,1.9166666666666667,8.6,6.133333333333333,2.466666666666667,73.58333333333333,27.01666666666667,50.866666666666674,26.849999999999998,39.333333333333336,42.833333333333336
Alex Caruso,6.419999999999999,1.9100000000000001,1.27,0.308,1.1,2.7600000000000002,2.6,2.04,0.5599999999999999,73.42,36.98,42.44,20.759999999999998,7.4,45.0
Justin Champagnie,2.3,0.89,0.22,0.11,0.22,0.3,2.0,1.0,1.0,100.0,35.7,46.3,7.8,0,36
Chris Chiozza,2.4444444444444446,0.6977777777777777,0.5766666666666667,0.10222222222222223,0.37222222222222223,1.6666666666666667,0.9777777777777776,0.8111111111111111,0.15555555555555556,38.13333333333333,28.900000000000002,25.111111111111107,8.08888888888889,0.6666666666666666,14.0
Marquese Chriss,4.613333333333333,1.4893333333333334,0.7246666666666667,0.502,0.3173333333333333,0.6799999999999999,3.3666666666666667,2.466666666666667,0.9066666666666666,49.04,17.453333333333333,31.21333333333333,10.879999999999999,11.333333333333334,28.666666666666668
Josh Christopher,7.9,1.31,1.54,0.18,0.88,2.0,2.5,1.8,0.7,73.5,29.6,44.8,18.0,2,74
Gary Clark,2.588888888888889,0.7922222222222223,0.21444444444444444,0.2900000000000001,0.25,0.48888888888888893,2.222222222222222,1.6222222222222222,0.6,67.30000000000001,25.83333333333333,28.1,11.78888888888889,3.888888888888889,27.88888888888889
Brandon Clarke,8.98,1.35,0.5880000000000001,0.71,0.5559999999999999,1.1400000000000001,4.54,3.1800000000000006,1.3800000000000001,57.24000000000001,24.1,47.940000000000005,17.66,5.0,47.8
Jordan Clarkson,14.975,1.5991666666666668,1.5816666666666663,0.15333333333333332,0.79,2.458333333333333,3.0416666666666665,2.266666666666667,0.775,82.575,34.725,44.425000000000004,25.74166666666667,12.166666666666666,62.666666666666664
Nic Claxton,6.566666666666666,1.8,0.6566666666666667,0.9566666666666667,0.43333333333333335,0.9666666666666667,4.566666666666666,3.0666666666666664,1.5,52.96666666666667,11.433333333333332,61.93333333333334,17.266666666666666,6.666666666666667,31.333333333333332
Amir Coffey,5.133333333333334,1.0166666666666666,0.47666666666666674,0.11,0.35333333333333333,1.0333333333333334,1.5999999999999999,1.3333333333333333,0.26666666666666666,70.63333333333333,36.833333333333336,43.866666666666674,13.5,10.666666666666666,43.666666666666664
John Collins,17.080000000000002,3.128,1.532,1.074,0.582,1.56,8.48,6.0,2.48,78.08000000000001,37.040000000000006,56.019999999999996,29.48,48.4,58.6
Zach Collins,5.16,1.988,0.952,0.52,0.298,1.08,3.8599999999999994,2.66,1.2,58.779999999999994,27.0,36.64,15.540000000000001,3.2,36.4
Mike Conley,14.058823529411763,1.8676470588235294,1.83,0.18705882352941178,1.2558823529411764,5.135294117647059,2.8235294117647065,2.3705882352941177,0.45294117647058824,76.66470588235293,35.26470588235294,40.74117647058823,29.670588235294115,56.64705882352941,59.11764705882353
Pat Connaughton,5.428571428571429,1.052857142857143,0.5128571428571429,0.25,0.43142857142857144,1.1714285714285713,3.0857142857142854,2.442857142857143,0.6428571428571429,81.8142857142857,36.17142857142857,43.07142857142857,16.928571428571427,5.0,59.57142857142857
Tyler Cook,2.4749999999999996,0.6799999999999999,0.41250000000000003,0.04625,0.26,0.2375,1.7125,1.1,0.6124999999999999,54.2,12.5,51.9375,7.487500000000001,0.5,13.75
Sharife Cooper,0.5,0.08,0.38,0.0,0.0,0.4,0.4,0.4,0.0,0.0,16.7,21.4,3.0,0,13
DeMarcus Cousins,14.85,2.9450000000000003,2.4444999999999997,0.85,1.0235,2.425,7.795000000000002,5.955,1.8399999999999999,63.11,23.990000000000002,38.92,22.55499999999999,32.55,40.75
Robert Covington,10.5,2.720588235294118,1.288823529411765,0.9988235294117648,1.475294117647059,1.2470588235294118,5.1764705882352935,4.3647058823529425,0.811764705882353,71.21176470588235,34.42941176470588,39.1764705882353,27.017647058823535,38.470588235294116,46.05882352941177
Torrey Craig,5.611111111111111,1.8866666666666667,0.6266666666666667,0.5144444444444445,0.5299999999999999,0.9777777777777779,3.6999999999999997,2.611111111111111,1.0888888888888888,69.33333333333333,33.65555555555556,45.44444444444444,18.03333333333333,13.0,47.55555555555556
Jae Crowder,8.958823529411765,1.959411764705882,0.8129411764705883,0.32352941176470595,0.92,1.5058823529411764,4.0058823529411764,3.3352941176470585,0.6705882352941178,73.38235294117646,31.91764705882353,39.188235294117646,23.529411764705884,30.764705882352942,56.588235294117645
Jarrett Culver,5.4399999999999995,1.3659999999999999,0.7899999999999999,0.32,0.568,1.0,2.24,1.52,0.72,39.980000000000004,21.96,31.939999999999998,14.319999999999999,15.4,39.4
Cade Cunningham,17.4,3.13,3.66,0.67,1.22,5.6,5.5,4.6,0.9,84.5,31.4,41.6,32.6,64,64
Seth Curry,7.1375,1.08125,0.684375,0.081875,0.598125,1.3937500000000003,1.5125,1.325,0.18124999999999997,48.00625000000001,37.30625,31.124999999999996,16.4375,18.0,31.6875
Stephen Curry,23.761538461538464,2.371538461538462,3.113846153846154,0.2438461538461538,1.5815384615384618,6.415384615384615,4.684615384615385,4.000000000000001,0.6846153846153846,90.83846153846153,41.73076923076923,46.93076923076923,33.48461538461539,63.07692307692308,63.53846153846154
Anthony Davis,21.849999999999998,2.15,1.8383333333333336,2.1058333333333334,1.2541666666666667,2.3000000000000003,9.166666666666666,6.900000000000001,2.2666666666666666,72.26666666666667,22.541666666666668,47.06666666666667,31.441666666666666,55.083333333333336,55.5
Ed Davis,4.937499999999999,2.2,0.6231250000000002,0.68625,0.421875,0.6375000000000001,5.356249999999998,3.50625,1.85,54.96875,0.0,51.512499999999996,16.35,8.4375,51.9375
Terence Davis,8.92,1.7760000000000002,1.0539999999999998,0.246,0.7140000000000001,1.4200000000000002,2.8600000000000003,2.44,0.42000000000000004,83.46000000000001,36.34,43.2,17.660000000000004,4.6,44.8
DeMar DeRozan,20.76923076923077,2.259230769230769,2.080769230769231,0.2892307692307692,0.9776923076923077,3.9384615384615382,4.407692307692307,3.6846153846153844,0.723076923076923,83.24615384615385,26.269230769230766,46.56923076923077,34.253846153846155,72.6923076923077,73.61538461538461
Dewayne Dedmon,5.492857142857142,2.4564285714285714,0.8785714285714287,0.7764285714285716,0.46214285714285713,0.5428571428571429,5.321428571428571,3.9214285714285713,1.4000000000000001,71.8,14.042857142857144,47.42142857142857,15.864285714285716,16.642857142857142,39.42857142857143
Donte DiVincenzo,8.5,1.6116666666666666,1.4249999999999998,0.22166666666666665,1.015,2.433333333333333,4.1499999999999995,3.2000000000000006,0.9666666666666667,78.91666666666667,32.85,38.7,22.71666666666667,15.333333333333334,40.5
Hamidou Diallo,9.383333333333335,2.32,1.1566666666666665,0.36166666666666664,0.7833333333333332,1.3166666666666667,4.366666666666667,3.3166666666666664,1.05,63.23333333333333,28.649999999999995,47.050000000000004,20.400000000000002,8.833333333333334,43.166666666666664
Gorgui Dieng,7.107692307692308,1.9469230769230768,0.9938461538461538,0.7846153846153848,0.7376923076923076,1.2384615384615385,5.200000000000001,3.707692307692308,1.4923076923076926,79.1076923076923,39.45384615384615,49.57692307692308,18.292307692307695,17.384615384615383,53.69230769230769
Spencer Dinwiddie,10.208333333333332,1.9141666666666666,1.3841666666666665,0.2325,0.5875,3.916666666666666,2.8249999999999997,2.433333333333333,0.39166666666666666,73.15833333333333,27.874999999999996,37.091666666666676,22.450000000000003,21.083333333333332,42.75
Luka Doncic,26.525,2.235,4.109999999999999,0.42,1.0524999999999998,8.024999999999999,8.6,7.55,1.05,73.625,33.650000000000006,45.650000000000006,33.875,66.0,66.0
Luguentz Dort,12.666666666666666,2.73,1.2866666666666666,0.27666666666666667,0.8766666666666666,1.4000000000000001,3.3333333333333335,2.6333333333333333,0.6999999999999998,79.30000000000001,32.4,39.5,28.366666666666664,43.666666666666664,46.333333333333336
Ayo Dosunmu,8.8,2.36,1.4,0.38,0.78,3.3,2.8,2.4,0.4,67.9,37.6,52.0,27.4,40,77
Goran Dragic,11.838095238095239,2.121904761904762,1.921428571428572,0.1704761904761905,0.8823809523809525,4.16190476190476,2.8761904761904766,2.2142857142857144,0.6619047619047619,72.88571428571429,33.219047619047615,42.42857142857144,25.176190476190474,29.571428571428573,50.333333333333336
Andre Drummond,13.775,3.1175,2.23875,1.348125,1.3712500000000003,1.65,12.5375,8.43125,4.106249999999999,51.00625,10.800000000000002,54.30624999999999,28.074999999999996,48.0,55.875
Chris Duarte,13.1,1.73,1.64,0.18,1.02,2.1,4.1,3.4,0.7,80.4,36.9,43.2,28.0,39,55
David Duke Jr.,4.7,1.64,0.41,0.32,0.64,0.8,3.1,1.7,1.4,81.0,24.3,36.1,15.5,7,22
Kevin Durant,22.317647058823525,1.5699999999999998,2.59,0.9194117647058823,0.8694117647058823,3.617647058823529,5.841176470588235,5.288235294117648,0.5529411764705882,72.62941176470588,31.7,41.15882352941177,29.982352941176472,55.05882352941177,55.23529411764706
Anthony Edwards,20.3,2.035,2.43,0.5700000000000001,1.2999999999999998,3.3499999999999996,4.699999999999999,3.8499999999999996,0.8500000000000001,78.1,34.3,42.900000000000006,33.2,63.5,72.0
Carsen Edwards,3.28,0.726,0.458,0.048,0.27,1.04,0.9800000000000001,0.78,0.2,64.28,23.360000000000003,27.579999999999995,9.540000000000001,0.2,21.8
Kessler Edwards,5.9,1.77,0.88,0.5,0.6,0.6,3.6,2.7,0.9,84.2,35.3,41.2,20.6,23,48
CJ Elleby,4.05,1.45,0.57,0.21500000000000002,0.4,0.9,2.5,1.75,0.75,72.35,25.0,38.599999999999994,13.3,14.0,44.0
Wayne Ellington,7.144999999999999,1.0755000000000001,0.5855,0.078,0.517,1.0349999999999997,1.85,1.6,0.25499999999999995,76.21499999999999,34.235,36.605,18.59,13.3,46.85
Joel Embiid,19.0875,2.33875,2.55,1.275,0.65125,2.375,8.3125,6.575,1.7375,60.45,25.675,36.525,22.975,41.0,41.0
Derrick Favors,9.21875,2.343125,1.099375,1.02625,0.6275000000000001,0.975,6.55625,4.2875000000000005,2.2687500000000003,59.98124999999999,8.2375,50.775000000000006,22.031249999999996,36.1875,57.4375
Bruno Fernando,2.9857142857142853,1.0585714285714285,0.5485714285714286,0.2914285714285714,0.12,0.4,2.2857142857142856,1.5714285714285714,0.7142857142857143,54.628571428571426,25.285714285714285,47.24285714285714,7.0857142857142845,3.7142857142857144,29.285714285714285
Dorian Finney-Smith,8.0,2.1649999999999996,0.8733333333333334,0.39999999999999997,0.7616666666666667,1.4000000000000001,4.483333333333333,3.0666666666666664,1.4166666666666667,72.48333333333333,34.46666666666667,43.21666666666667,26.849999999999998,47.0,65.66666666666667
Malik Fitts,1.2999999999999998,0.46499999999999997,0.0975,0.0,0.0,0.22499999999999998,1.1,1.0,0.1,0.0,50.0,39.4,4.1,0.0,8.25
Malachi Flynn,5.9,1.2349999999999999,0.605,0.12,0.63,2.25,1.95,1.75,0.2,71.45,32.7,38.349999999999994,15.95,9.5,45.5
Bryn Forbes,8.625,1.3250000000000002,0.68375,0.041249999999999995,0.34375000000000006,1.125,1.5374999999999999,1.3749999999999998,0.1625,83.93749999999999,40.224999999999994,42.7,18.8375,21.125,60.125
Trent Forrest,3.0999999999999996,0.725,0.75,0.115,0.4,1.65,1.6,1.2000000000000002,0.4,89.6,18.85,47.05,11.45,3.0,45.0
Evan Fournier,14.466666666666663,2.358333333333334,1.5883333333333332,0.21916666666666665,0.9158333333333334,2.7083333333333335,2.7416666666666667,2.375,0.3666666666666667,78.26666666666665,39.06666666666667,45.0,28.3,44.416666666666664,57.25
De'Aaron Fox,19.68,2.6879999999999997,2.824,0.442,1.3399999999999999,6.26,3.56,3.02,0.5399999999999999,72.47999999999999,31.779999999999994,46.0,32.32000000000001,61.6,64.4
Melvin Frazier Jr.,4.766666666666667,1.2833333333333332,0.4533333333333333,0.03666666666666667,0.3,0.20000000000000004,1.8,1.1,0.7000000000000001,48.800000000000004,18.266666666666666,34.833333333333336,17.0,0.0,10.666666666666666
Markelle Fultz,8.471428571428572,1.7785714285714287,1.4771428571428573,0.21857142857142858,0.8585714285714287,3.7142857142857144,2.8000000000000003,2.085714285714286,0.7142857142857143,57.75714285714285,18.914285714285715,36.800000000000004,19.67142857142857,14.428571428571429,21.428571428571427
Wenyen Gabriel,2.3899999999999997,1.2570000000000001,0.402,0.22200000000000003,0.20999999999999996,0.27999999999999997,1.8699999999999999,1.1600000000000001,0.71,43.79,21.95,30.560000000000002,7.290000000000001,1.2,13.3
Daniel Gafford,7.26,2.018,0.7819999999999999,1.392,0.44399999999999995,0.58,4.279999999999999,2.52,1.7399999999999998,64.6,0.0,68.98,15.8,16.4,44.6
Danilo Gallinari,13.655555555555555,1.5827777777777776,1.0894444444444444,0.3133333333333333,0.6544444444444444,1.6555555555555557,4.222222222222221,3.6166666666666663,0.6000000000000001,78.42222222222223,33.650000000000006,37.81666666666666,26.42777777777778,38.05555555555556,47.333333333333336
Darius Garland,17.133333333333333,1.7633333333333334,3.0833333333333335,0.09333333333333334,1.08,6.2,2.533333333333333,2.033333333333333,0.5,87.16666666666667,37.766666666666666,43.800000000000004,33.233333333333334,59.0,60.333333333333336
Usman Garuba,2.0,1.17,0.25,0.46,0.42,0.7,3.5,2.6,0.9,71.4,25.0,43.2,10.0,2,24
Luka Garza,5.8,1.72,0.56,0.19,0.28,0.6,3.1,1.3,1.8,62.3,32.7,44.9,12.2,5,32
Rudy Gay,16.755,2.3184999999999993,2.2185,0.7459999999999999,1.1999999999999997,2.225,5.855,4.525,1.3299999999999998,80.28,34.665000000000006,44.65,32.19,46.3,60.6
Paul George,18.22142857142857,2.360714285714286,2.4842857142857144,0.3885714285714287,1.5028571428571424,3.257142857142857,5.692857142857143,4.957142857142857,0.7357142857142858,77.56428571428572,35.40714285714286,40.114285714285714,29.37142857142857,52.642857142857146,56.07142857142857
Taj Gibson,8.241176470588234,2.2600000000000002,1.0094117647058822,0.9047058823529414,0.5141176470588236,0.8764705882352941,5.523529411764706,3.4705882352941178,2.0529411764705885,67.37647058823529,18.905882352941177,49.62352941176471,22.194117647058825,33.76470588235294,60.94117647058823
Josh Giddey,12.5,1.63,3.17,0.37,0.94,6.4,7.8,6.0,1.8,70.9,26.3,41.9,31.5,54,54
Shai Gilgeous-Alexander,16.166666666666668,1.6733333333333331,1.8849999999999998,0.5666666666666667,0.9066666666666666,3.6166666666666667,4.05,3.5,0.5499999999999999,67.2,29.650000000000002,39.650000000000006,27.383333333333336,50.666666666666664,52.166666666666664
Anthony Gill,3.5999999999999996,1.1800000000000002,0.36,0.2,0.245,0.5,1.95,1.25,0.7,81.05,41.5,53.45,9.45,2.0,35.0
Rudy Gobert,12.02222222222222,2.535555555555556,1.6244444444444446,2.157777777777778,0.6544444444444445,1.2777777777777777,11.3,8.100000000000001,3.1999999999999997,62.199999999999996,0.0,63.13333333333334,29.211111111111116,57.666666666666664,67.88888888888889
Brandon Goodwin,3.0875,0.67,0.48875,0.03125,0.22499999999999998,1.1625,1.0,0.825,0.175,59.81249999999999,24.0,26.437499999999996,7.437499999999999,1.5,22.875
Aaron Gordon,12.73,1.9349999999999998,1.585,0.6459999999999999,0.72,2.5999999999999996,6.110000000000001,4.53,1.5699999999999998,69.38999999999999,31.589999999999996,46.14,28.35,48.9,57.8
Eric Gordon,16.635714285714286,1.9014285714285715,2.004285714285714,0.34714285714285725,0.8828571428571431,2.8642857142857143,2.407142857142857,2.0214285714285714,0.3857142857142857,80.68571428571428,36.21428571428571,42.800000000000004,32.22857142857142,40.714285714285715,53.5
Devonte' Graham,12.4,1.38,1.6075,0.13749999999999998,0.8200000000000001,4.925,2.45,2.0,0.44999999999999996,81.65,34.25,36.625,27.1,40.75,60.0
Jerami Grant,10.200000000000001,2.0683333333333334,1.0416666666666667,1.0475,0.5225,1.1250000000000002,3.4083333333333337,2.7249999999999996,0.6833333333333332,62.9,28.925,40.824999999999996,23.224999999999998,24.833333333333332,58.833333333333336
Danny Green,7.164705882352941,1.4600000000000002,0.8205882352941177,0.6035294117647059,0.8694117647058826,1.2352941176470589,2.852941176470588,2.3058823529411767,0.5529411764705883,63.98823529411763,34.07058823529411,37.0529411764706,20.829411764705885,49.76470588235294,56.23529411764706
Draymond Green,8.59,2.8080000000000007,2.2790000000000004,1.029,1.4,5.7,6.93,5.880000000000001,1.05,72.3,30.060000000000002,43.449999999999996,28.679999999999996,53.5,68.5
JaMychal Green,6.925000000000001,2.3658333333333332,0.9833333333333334,0.39749999999999996,0.4816666666666667,0.7250000000000001,5.0,3.525,1.4749999999999999,72.44166666666668,27.624999999999996,49.74166666666667,17.73333333333333,14.333333333333334,48.0
Jalen Green,17.3,1.54,2.01,0.27,0.66,2.6,3.4,2.9,0.5,79.7,34.3,42.6,31.9,67,67
Javonte Green,4.2,1.2239999999999998,0.46799999999999997,0.21799999999999997,0.716,0.52,2.22,1.48,0.74,78.34,33.099999999999994,51.260000000000005,13.319999999999999,10.2,39.0
Jeff Green,11.895652173913042,2.0686956521739126,1.243478260869565,0.46956521739130436,0.6399999999999999,1.434782608695652,3.91304347826087,3.1217391304347832,0.7869565217391303,76.61304347826085,31.547826086956526,43.16521739130435,26.995652173913044,35.34782608695652,57.91304347826087
Josh Green,3.7,1.31,0.55,0.145,0.54,0.95,2.2,1.4500000000000002,0.75,62.7,25.95,48.0,13.45,4.0,53.0
Blake Griffin,18.35625,2.5593749999999997,2.2312499999999997,0.4225,0.7681249999999998,4.1875,7.375,5.75625,1.6187500000000001,72.47500000000001,30.493750000000002,46.53750000000001,31.618750000000002,47.75,51.75
Quentin Grimes,6.0,1.57,0.61,0.24,0.67,1.0,2.0,1.5,0.5,68.4,38.1,40.4,17.1,6,46
Rui Hachimura,12.866666666666667,1.8533333333333333,1.0266666666666666,0.16666666666666666,0.6966666666666667,1.4333333333333336,5.133333333333333,4.1000000000000005,1.0333333333333334,76.53333333333335,35.4,47.833333333333336,28.03333333333333,39.333333333333336,49.0
Tyrese Haliburton,15.024999999999999,1.585,2.4175,0.5825,1.6425,7.624999999999999,3.8,3.0250000000000004,0.7749999999999999,84.625,41.3,47.60000000000001,33.925,43.5,53.0
R.J. Hampton,7.074999999999999,1.29,1.105,0.1975,0.4700000000000001,1.9,3.375,2.8500000000000005,0.525,67.975,31.425,41.849999999999994,18.45,4.0,41.5
Tim Hardaway Jr.,14.490909090909089,1.7572727272727275,1.1327272727272728,0.1372727272727273,0.6627272727272728,1.9545454545454548,2.963636363636364,2.5999999999999996,0.3636363636363636,81.43636363636364,34.98181818181819,41.66363636363636,27.763636363636365,31.90909090909091,59.18181818181818
James Harden,23.25789473684211,2.357894736842105,3.6310526315789478,0.5294736842105262,1.381578947368421,7.257894736842106,5.663157894736842,4.9263157894736835,0.7315789473684212,81.4736842105263,33.94736842105264,41.7,33.52631578947369,48.10526315789474,59.421052631578945
Maurice Harkless,5.7266666666666675,1.9379999999999997,0.706,0.5306666666666666,0.8033333333333333,0.9266666666666665,3.033333333333333,2.2333333333333334,0.8066666666666666,56.00000000000001,29.57333333333333,42.92666666666666,20.206666666666663,29.533333333333335,48.0
Jared Harper,1.8399999999999999,0.22599999999999998,0.156,0.04,0.16,0.58,0.13999999999999999,0.06,0.08,35.0,8.34,20.759999999999998,3.2,0.0,3.8
Montrezl Harrell,12.333333333333334,2.0377777777777775,1.05,0.7355555555555555,0.4977777777777778,1.488888888888889,5.222222222222222,3.3555555555555556,1.8666666666666667,65.76666666666667,10.711111111111112,63.14444444444444,21.144444444444446,3.5555555555555554,58.77777777777778
Gary Harris,11.23,1.7899999999999998,1.114,0.23199999999999998,1.0490000000000002,2.03,2.37,1.7799999999999998,0.5900000000000001,80.85,34.54,42.449999999999996,28.32,41.2,50.7
Joe Harris,9.487499999999999,1.8325,1.0125,0.15750000000000003,0.42874999999999996,1.3625,2.9125,2.45,0.4625,66.22500000000001,40.775000000000006,43.8625,22.762499999999996,31.25,51.75
Tobias Harris,15.915789473684212,2.0584210526315787,1.4078947368421053,0.538421052631579,0.7215789473684212,2.2157894736842105,6.163157894736844,5.121052631578947,1.0315789473684212,82.81052631578947,35.38947368421053,47.14736842105264,30.78421052631579,47.526315789473685,55.05263157894737
Josh Hart,10.366666666666667,2.1500000000000004,1.2922222222222224,0.27555555555555555,0.88,2.322222222222222,5.477777777777778,4.666666666666667,0.7999999999999999,65.84444444444445,30.900000000000002,40.81111111111111,25.58888888888889,20.77777777777778,46.111111111111114
Isaiah Hartenstein,5.3,2.22,0.9233333333333333,0.7899999999999999,0.4416666666666667,1.3166666666666667,3.883333333333333,2.533333333333333,1.3499999999999999,68.31666666666666,24.433333333333334,56.93333333333334,12.766666666666666,1.0,35.166666666666664
Udonis Haslem,5.931578947368421,1.9126315789473682,0.7215789473684211,0.21263157894736842,0.36263157894736847,0.6526315789473685,5.289473684210526,3.9315789473684206,1.3578947368421055,69.97894736842105,5.363157894736842,47.821052631578944,19.310526315789474,26.31578947368421,45.89473684210526
Sam Hauser,2.5,0.27,0.08,0.08,0.04,0.4,1.1,0.9,0.2,0.0,43.2,46.0,6.1,0,26
Jaxson Hayes,6.32,1.782,0.61,0.636,0.33999999999999997,0.6,3.3600000000000003,2.1399999999999997,1.22,56.7,25.6,51.7,13.98,11.8,51.6
Killian Hayes,6.85,2.48,2.435,0.455,1.1099999999999999,4.75,2.85,2.5,0.35,79.7,27.05,36.8,25.4,29.0,46.0
Gordon Hayward,14.575000000000001,1.6791666666666665,1.7691666666666668,0.36999999999999994,0.9,3.2416666666666667,4.3,3.5833333333333326,0.7166666666666667,75.36666666666666,34.75833333333334,46.13333333333333,29.03333333333333,47.583333333333336,61.166666666666664
Juancho Hernangomez,5.0181818181818185,1.0036363636363637,0.521818181818182,0.2218181818181818,0.39818181818181825,0.6636363636363636,3.409090909090909,2.581818181818182,0.8272727272727273,66.27272727272727,30.39090909090909,39.59090909090909,14.972727272727269,8.090909090909092,35.0
Willy Hernangomez,6.75,1.5224999999999997,0.9012499999999999,0.365,0.40249999999999997,0.9500000000000001,5.2625,3.375,1.8875000000000002,66.64999999999999,31.25,54.1125,13.812499999999998,5.875,44.25
Tyler Herro,16.433333333333334,1.3800000000000001,2.03,0.19666666666666666,0.6466666666666666,3.1999999999999997,4.7,4.266666666666667,0.43333333333333335,84.7,38.26666666666667,43.79999999999999,30.100000000000005,11.0,58.333333333333336
Buddy Hield,15.25,2.034,1.761,0.259,0.793,2.52,4.2,3.4899999999999998,0.7,86.2,39.269999999999996,42.730000000000004,28.99,38.4,63.1
Haywood Highsmith,1.3666666666666665,0.2933333333333334,0.12,0.05333333333333334,0.10333333333333333,0.2333333333333333,0.7666666666666666,0.6,0.16666666666666666,13.333333333333334,17.366666666666667,24.933333333333334,5.533333333333334,0.3333333333333333,8.0
George Hill,10.295000000000002,1.8484999999999996,1.1885,0.25000000000000006,0.8860000000000001,2.9699999999999998,2.825,2.215,0.61,80.94000000000001,37.910000000000004,45.99999999999999,26.179999999999996,28.65,51.3
Malcolm Hill,4.3,1.5633333333333335,0.13,0.22,0.64,0.3666666666666667,1.9000000000000001,1.3,0.6333333333333333,82.86666666666666,42.800000000000004,50.63333333333333,12.300000000000002,0.0,12.666666666666666
Nate Hinton,1.0,0.19,0.37,0.05,0.165,0.2,0.2,0.2,0.0,35.0,10.55,17.85,2.7,0.0,11.5
Aaron Holiday,6.966666666666666,1.5133333333333334,1.0750000000000002,0.17,0.6766666666666666,2.45,1.8166666666666667,1.5166666666666666,0.31666666666666665,84.95,37.78333333333334,42.166666666666664,17.316666666666666,11.833333333333334,51.333333333333336
Jrue Holiday,16.138461538461538,2.255384615384615,2.701538461538461,0.5123076923076924,1.5215384615384613,6.476923076923076,3.9999999999999996,3.0999999999999996,0.9000000000000001,78.0076923076923,36.77692307692308,45.86153846153846,33.069230769230764,58.46153846153846,64.53846153846153
Justin Holiday,6.755,1.3525,0.7635000000000001,0.39249999999999996,0.7645,1.27,2.2800000000000002,1.9949999999999999,0.2850000000000001,67.345,29.26,32.845,19.810000000000002,21.9,43.35
Richaun Holmes,8.811111111111112,2.55,0.8555555555555555,0.9466666666666667,0.5533333333333332,0.9555555555555557,5.4222222222222225,3.6666666666666665,1.7666666666666666,65.86666666666666,13.822222222222223,53.7,19.62222222222222,22.0,46.666666666666664
Rodney Hood,9.01875,1.6250000000000002,0.776875,0.17187500000000003,0.6050000000000001,1.375,2.31875,1.9562499999999998,0.35624999999999996,84.39375,36.60625,41.37500000000001,22.206250000000004,20.625,42.9375
Al Horford,11.639999999999999,1.8180000000000003,1.2475000000000003,0.9849999999999998,0.6975,2.8099999999999996,6.6949999999999985,5.0649999999999995,1.6300000000000001,65.345,29.649999999999995,43.010000000000005,26.884999999999998,51.45,52.25
Talen Horton-Tucker,6.08,1.5580000000000003,0.998,0.23399999999999999,0.916,1.5,1.6200000000000003,1.28,0.32,51.5,23.339999999999996,36.16,14.459999999999999,5.0,27.4
Danuel House Jr.,5.654545454545454,1.1554545454545453,0.6063636363636363,0.2736363636363636,0.40090909090909094,0.8636363636363636,2.490909090909091,2.0727272727272723,0.4090909090909091,56.290909090909096,26.227272727272727,30.818181818181813,16.318181818181817,10.727272727272727,25.90909090909091
Dwight Howard,13.547619047619047,2.8657142857142865,2.273333333333334,1.5004761904761903,0.758095238095238,1.138095238095238,10.247619047619049,7.314285714285714,2.938095238095238,51.16190476190476,17.042857142857144,54.53809523809524,27.557142857142853,51.42857142857143,62.42857142857143
Markus Howard,3.4499999999999997,0.585,0.36,0.015,0.19999999999999998,0.35,0.45,0.4,0.05,82.4,33.85,38.150000000000006,5.6,0.5,34.0
Kevin Huerter,11.475,2.36,1.3424999999999998,0.355,0.9275,3.2249999999999996,3.525,2.925,0.6,78.725,37.925,42.949999999999996,29.775,54.0,68.5
Elijah Hughes,3.025,0.78,0.445,0.1625,0.30000000000000004,0.5,1.2999999999999998,1.15,0.15000000000000002,79.875,29.8,34.3,9.575,2.0,22.5
Feron Hunt,0.0,0.25,0.25,0.0,0.25,0.25,0.25,0.0,0.25,0.0,0.0,0.0,2.0,0.0,1.0
De'Andre Hunter,8.833333333333334,1.8816666666666666,0.965,0.25166666666666665,0.48500000000000004,1.1333333333333333,2.8333333333333335,2.4,0.4333333333333333,52.53333333333334,23.583333333333332,29.100000000000005,20.55,32.5,33.666666666666664
Bones Hyland,10.1,2.22,1.25,0.29,0.59,2.8,2.7,2.5,0.2,85.6,36.6,40.3,19.0,4,69
Serge Ibaka,11.711764705882352,2.6200000000000006,1.247058823529412,1.6752941176470588,0.3841176470588235,0.8588235294117648,6.788235294117646,4.905882352941176,1.882352941176471,76.7764705882353,34.89411764705883,50.911764705882355,26.36470588235294,46.35294117647059,60.94117647058823
Andre Iguodala,9.323809523809524,1.560952380952381,1.5423809523809524,0.51,1.2090476190476191,3.6285714285714286,4.271428571428572,3.4761904761904767,0.7952380952380954,58.900000000000006,29.409523809523805,41.44761904761905,27.499999999999993,37.333333333333336,59.23809523809524
Joe Ingles,6.766666666666667,1.5241666666666667,1.2141666666666666,0.11666666666666668,0.7116666666666668,2.9916666666666667,2.5749999999999997,2.3083333333333336,0.26666666666666666,63.633333333333326,32.61666666666667,36.37499999999999,20.991666666666667,30.0,59.5
Brandon Ingram,17.237499999999997,2.20125,2.225,0.5075,0.6525,3.4875,4.675,4.0,0.6749999999999999,67.2875,31.299999999999997,40.275000000000006,29.0375,48.875,53.75
Kyrie Irving,21.969230769230766,2.1799999999999997,2.4153846153846157,0.39076923076923076,1.2315384615384617,5.36153846153846,3.7461538461538457,2.9846153846153842,0.7615384615384614,82.1846153846154,36.169230769230765,43.45384615384615,31.307692307692303,48.53846153846154,48.53846153846154
Jonathan Isaac,5.38,1.226,0.688,0.942,0.714,0.64,3.2,2.48,0.72,47.08,20.22,25.56,15.040000000000001,21.2,27.2
Frank Jackson,6.371428571428572,1.0185714285714285,0.5842857142857143,0.042857142857142864,0.2842857142857143,0.7000000000000001,1.3857142857142857,1.0999999999999999,0.2857142857142857,56.285714285714285,25.171428571428574,30.785714285714285,13.1,5.285714285714286,36.142857142857146
Isaiah Jackson,8.3,2.56,1.11,1.44,0.69,0.3,4.2,2.5,1.7,68.2,31.3,56.3,15.0,15,36
Josh Jackson,8.2,1.8788888888888893,1.2855555555555556,0.4355555555555555,0.6566666666666666,1.3444444444444446,2.9333333333333336,2.3777777777777778,0.5555555555555557,61.95555555555555,24.666666666666668,36.51111111111111,17.233333333333334,10.555555555555555,40.44444444444444
Reggie Jackson,12.9,1.9619999999999997,1.9140000000000001,0.128,0.6466666666666666,4.540000000000001,3.0999999999999996,2.5466666666666673,0.5466666666666667,84.68666666666667,33.50666666666667,42.07333333333334,25.526666666666664,34.8,54.06666666666667
Jaren Jackson Jr.,15.475000000000001,3.7925,1.615,1.7325,0.9075000000000001,1.175,5.175,3.8499999999999996,1.325,79.22500000000001,33.875,45.35,26.349999999999998,48.75,51.0
LeBron James,27.110526315789475,1.8363157894736843,3.5163157894736843,0.7573684210526315,1.543157894736842,7.368421052631579,7.521052631578947,6.363157894736841,1.1578947368421053,73.10526315789473,34.56842105263157,50.69473684210526,37.952631578947376,71.84210526315789,71.89473684210526
Ty Jerome,4.88,1.042,0.6739999999999999,0.096,0.44399999999999995,1.7399999999999998,1.48,1.26,0.22000000000000003,61.48,25.46,29.920000000000005,12.36,1.0,28.6
Isaiah Joe,3.6500000000000004,0.845,0.31,0.07500000000000001,0.27,0.55,0.9,0.8,0.1,84.25,35.05,35.55,10.2,1.0,48.0
Cameron Johnson,7.94,1.234,0.508,0.252,0.542,1.06,2.82,2.2199999999999998,0.6,66.42,31.080000000000002,35.0,18.84,9.0,48.0
David Johnson,0.0,0.0,0.0,0.0,0.0,0.0,0.0,0.0,0.0,0.0,0.0,0.0,1.0,0,2
Jalen Johnson,2.4,0.41,0.41,0.09,0.14,0.1,1.2,1.1,0.1,71.4,23.1,53.7,5.5,0,22
Keldon Johnson,12.966666666666667,1.8933333333333333,1.04,0.21999999999999997,0.7233333333333333,1.6000000000000003,5.133333333333334,4.133333333333333,1.0,76.36666666666666,44.0,51.36666666666667,26.03333333333333,47.333333333333336,53.666666666666664
Keon Johnson,6.8,1.8266666666666669,1.1466666666666667,0.2933333333333334,0.7399999999999999,1.9666666666666668,2.1,1.4666666666666668,0.6000000000000001,79.96666666666667,32.03333333333333,34.766666666666666,17.766666666666666,8.0,24.666666666666668
Stanley Johnson,4.884615384615385,1.4623076923076925,0.8392307692307692,0.18846153846153843,0.6553846153846153,1.1769230769230767,2.423076923076923,1.9769230769230768,0.4461538461538461,60.53846153846155,25.530769230769224,33.46923076923077,14.953846153846156,10.615384615384615,42.92307692307692
Nikola Jokic,19.814285714285717,2.7857142857142856,2.7885714285714287,0.7142857142857143,1.1900000000000002,6.271428571428571,10.4,7.742857142857143,2.6571428571428575,82.88571428571429,34.271428571428565,53.95714285714286,30.514285714285712,69.42857142857143,75.28571428571429
Damian Jones,4.263636363636365,1.910909090909091,0.5672727272727273,0.6227272727272728,0.28454545454545455,0.5636363636363636,2.754545454545455,1.8454545454545455,0.9090909090909091,60.39090909090908,11.263636363636364,59.2,12.427272727272726,10.090909090909092,26.636363636363637
Herbert Jones,9.5,3.05,1.28,0.77,1.67,2.1,3.8,2.5,1.3,84.0,33.7,47.6,29.9,69,78
Kai Jones,1.0,0.38,0.29,0.1,0.05,0.2,0.5,0.4,0.1,37.5,50.0,64.3,3.0,0,21
Mason Jones,5.15,0.995,0.6,0.01,0.275,1.075,1.75,1.45,0.3,68.825,36.825,46.45,9.875,0.5,17.0
Tre Jones,4.25,0.74,0.51,0.05,0.415,2.25,1.4000000000000001,1.1,0.30000000000000004,83.75,39.8,48.2,11.950000000000001,6.0,53.0
Tyus Jones,5.5,0.7188888888888889,0.6555555555555554,0.06777777777777777,0.8455555555555556,3.3333333333333335,1.5,1.3111111111111111,0.1777777777777778,71.26666666666667,31.033333333333328,38.277777777777786,16.21111111111111,8.666666666666666,57.77777777777778
Derrick Jones Jr.,5.1875,1.69625,0.4724999999999999,0.6675000000000001,0.48750000000000004,0.6124999999999999,2.775,1.6375,1.15,70.5625,23.25,48.6125,16.587500000000002,13.125,37.5
DeAndre Jordan,8.19130434782609,2.2082608695652177,1.2765217391304347,1.208695652173913,0.4500000000000001,0.9826086956521737,8.839130434782609,6.217391304347827,2.621739130434783,52.49565217391306,3.6956521739130435,61.356521739130415,22.821739130434782,41.56521739130435,56.73913043478261
Cory Joseph,6.54,1.5479999999999998,0.9973333333333334,0.22599999999999998,0.7173333333333335,2.8466666666666662,2.3066666666666666,1.84,0.47333333333333333,73.99333333333334,30.846666666666668,41.18666666666666,20.15333333333334,14.133333333333333,57.53333333333333
Luke Kennard,10.659999999999998,1.5679999999999996,1.0020000000000002,0.15599999999999997,0.48200000000000004,2.28,2.9200000000000004,2.66,0.26,86.38,42.06,44.96,24.54,14.8,59.4
Braxton Key,5.6000000000000005,1.8933333333333333,1.0,0.7399999999999999,0.7999999999999999,0.8666666666666667,3.6,2.6333333333333333,1.0,35.86666666666667,19.533333333333335,47.166666666666664,14.033333333333331,0.0,7.333333333333333
Corey Kispert,8.2,1.21,0.65,0.29,0.45,1.1,2.7,2.0,0.7,87.1,35.0,45.5,23.4,36,77
Maxi Kleber,7.08,2.0780000000000003,0.672,0.9100000000000001,0.44000000000000006,1.1,4.859999999999999,3.6799999999999997,1.1800000000000002,80.12,35.48,44.46,22.98,27.0,65.2
Nathan Knight,3.75,0.905,0.47,0.26,0.23,0.4,2.25,1.4,0.8500000000000001,76.65,24.5,44.05,7.85,1.0,35.0
Kevin Knox II,5.416666666666667,1.1083333333333332,0.5516666666666666,0.18833333333333335,0.26333333333333336,0.5666666666666667,2.1999999999999997,1.7166666666666666,0.4833333333333334,72.45,31.5,36.95,13.366666666666667,10.166666666666666,40.333333333333336
John Konchar,3.9666666666666663,0.85,0.39666666666666667,0.22666666666666666,0.5666666666666665,1.2666666666666666,3.3333333333333335,2.3666666666666667,0.9666666666666668,62.800000000000004,42.93333333333334,55.46666666666667,13.6,2.3333333333333335,44.666666666666664
Furkan Korkmaz,6.780000000000001,1.108,0.608,0.124,0.538,1.1800000000000002,1.98,1.72,0.26,72.3,33.72,38.08,16.380000000000003,9.8,51.2
Luke Kornet,3.475,0.8091666666666666,0.2116666666666667,0.5775,0.19250000000000003,0.6916666666666668,1.9666666666666668,1.3583333333333334,0.6166666666666667,54.01666666666668,17.133333333333333,34.51666666666667,10.108333333333333,4.25,19.166666666666668
Vit Krejci,3.1,1.085,0.485,0.135,0.315,0.95,1.7,1.4,0.3,43.2,16.35,20.35,11.5,4.0,15.0
Arnoldas Kulboka,0.0,0.25,0.0,0.0,0.0,0.0,0.0,0.0,0.0,0.0,0.0,0.0,1.25,0.0,1.0
Jonathan Kuminga,9.3,2.09,1.06,0.31,0.44,0.9,3.4,2.6,0.8,68.4,33.6,51.3,16.9,12,70
Kyle Kuzma,15.52,2.0599999999999996,1.886,0.5399999999999999,0.5680000000000001,2.2,6.159999999999999,5.039999999999999,1.1199999999999999,71.94,33.739999999999995,44.739999999999995,30.28,42.4,68.4
Zach LaVine,20.087500000000002,2.18375,2.61125,0.30124999999999996,0.90375,3.8499999999999996,3.9875,3.525,0.46249999999999997,82.74999999999999,37.75,45.2,32.0375,48.875,59.75
Anthony Lamb,1.8333333333333333,0.47,0.265,0.06833333333333334,0.09166666666666667,0.6666666666666666,1.1333333333333333,0.7666666666666666,0.3666666666666667,28.566666666666666,10.799999999999999,13.0,7.1000000000000005,1.0,8.666666666666666
Jeremy Lamb,7.81875,1.278125,0.6418749999999999,0.314375,0.575625,1.24375,2.80625,2.3874999999999997,0.41875,76.0,29.00625,36.6125,16.55625,11.125,43.625
Jock Landale,4.9,0.98,0.57,0.26,0.19,0.8,2.6,1.4,1.2,82.9,32.6,49.5,10.9,1,54
Romeo Langford,3.5200000000000005,0.932,0.31200000000000006,0.238,0.362,0.48,1.8,1.28,0.5,59.620000000000005,23.059999999999995,42.82,14.139999999999997,3.2,29.2
Jake Layman,4.5625,1.0,0.50125,0.2525,0.395,0.44999999999999996,1.4625,1.075,0.375,63.2625,24.6375,36.3875,11.887500000000001,6.375,33.25
Caris LeVert,14.672727272727274,1.873636363636364,1.7854545454545454,0.3572727272727273,0.9881818181818182,3.9181818181818175,3.590909090909091,2.8999999999999995,0.6818181818181819,68.10909090909091,29.936363636363637,39.85454545454545,26.19090909090909,24.363636363636363,38.45454545454545
Damion Lee,8.44,1.598,0.754,0.08600000000000001,0.798,1.46,3.62,3.12,0.5,85.7,34.739999999999995,43.480000000000004,21.3,10.6,43.2
Saben Lee,5.6,1.385,1.06,0.29500000000000004,0.8200000000000001,3.25,2.2,1.75,0.45,73.7,29.049999999999997,43.05,16.3,3.5,42.5
Alex Len,6.884615384615383,2.356153846153846,1.0976923076923077,0.9261538461538461,0.346923076923077,0.8,5.230769230769231,3.576923076923076,1.646153846153846,65.61538461538461,30.60769230769231,52.861538461538466,17.20769230769231,22.23076923076923,53.0
Kawhi Leonard,16.73846153846154,1.4246153846153844,1.4661538461538461,0.55,1.5046153846153845,2.607692307692308,5.369230769230769,4.3999999999999995,0.9615384615384616,71.40769230769232,31.84615384615385,41.5,26.06153846153846,46.61538461538461,48.69230769230769
Scottie Lewis,0.5,0.0,0.0,0.0,0.5,0.5,0.0,0.0,0.0,50.0,0.0,0.0,3.5,0,2
Kira Lewis Jr.,6.15,1.17,0.855,0.115,0.58,2.15,1.5,1.2000000000000002,0.30000000000000004,83.8,27.849999999999998,39.5,15.45,0.0,39.0
Damian Lillard,24.830000000000005,1.871,2.818,0.316,0.937,6.7299999999999995,4.180000000000001,3.6000000000000005,0.5800000000000001,88.87999999999998,36.96,43.489999999999995,36.35,71.1,71.1
Nassir Little,6.0,1.5033333333333332,0.5466666666666666,0.47333333333333333,0.3233333333333333,0.7666666666666666,3.5,2.6,0.8999999999999999,72.33333333333333,30.600000000000005,45.23333333333333,17.033333333333335,10.0,46.0
Isaiah Livers,6.4,1.95,0.79,0.37,0.68,1.1,3.0,2.2,0.8,85.7,42.2,45.6,20.2,5,19
Kevon Looney,4.014285714285714,1.772857142857143,0.5228571428571428,0.4457142857142857,0.41857142857142854,1.0857142857142856,4.085714285714286,2.5,1.5857142857142859,53.97142857142857,18.97142857142857,54.07142857142858,14.014285714285714,21.428571428571427,52.42857142857143
Brook Lopez,16.571428571428573,2.5942857142857143,1.6092857142857147,1.6635714285714283,0.5549999999999999,1.3214285714285714,5.899999999999999,3.914285714285714,1.9857142857142858,79.31428571428572,16.492857142857144,49.42142857142857,29.499999999999996,59.142857142857146,62.0
Robin Lopez,7.7625,1.7724999999999997,1.0125,0.9625,0.20625000000000004,0.7749999999999999,4.2875,2.33125,1.95625,66.15625,11.181249999999999,49.925,19.512500000000003,38.0,62.8125
Didi Louzada,1.657142857142857,0.7042857142857143,0.33,0.06999999999999999,0.1657142857142857,0.38571428571428573,0.8571428571428571,0.5285714285714286,0.3285714285714286,28.571428571428573,15.585714285714285,14.214285714285714,7.699999999999998,0.2857142857142857,3.0
Kevin Love,17.507142857142856,1.9842857142857147,1.9185714285714288,0.39571428571428574,0.6428571428571427,2.3428571428571425,10.757142857142858,8.278571428571427,2.4785714285714286,82.85714285714286,34.457142857142856,43.19999999999999,30.74285714285714,47.07142857142857,58.0
Kyle Lowry,13.677777777777777,2.6416666666666666,2.248888888888889,0.27888888888888885,1.2705555555555554,5.955555555555555,4.15,3.3944444444444444,0.7555555555555556,82.01111111111112,34.34444444444445,42.28333333333334,30.272222222222222,44.888888888888886,61.111111111111114
Gabriel Lundberg,3.3,1.75,0.75,0.0,0.75,2.8,1.8,1.3,0.5,0.0,37.5,26.3,11.0,0,4
Timothe Luwawu-Cabarrot,4.699999999999999,1.4572727272727273,0.5172727272727273,0.10909090909090911,0.3181818181818181,0.6181818181818182,1.6636363636363638,1.3636363636363635,0.3,65.57272727272726,26.94545454545455,31.654545454545453,12.57272727272727,6.2727272727272725,38.63636363636363
Trey Lyles,7.2727272727272725,1.2918181818181818,0.7218181818181818,0.3072727272727272,0.34545454545454546,0.9727272727272727,4.209090909090909,3.3818181818181823,0.8272727272727273,67.05454545454546,31.35454545454546,40.81818181818182,17.172727272727272,18.363636363636363,53.36363636363637
Theo Maledon,6.824999999999999,1.2875,1.4100000000000001,0.1475,0.5925,2.3,2.275,2.0,0.30000000000000004,57.15,24.075,27.775,18.15,26.25,45.25
Sandro Mamukelashvili,3.8,0.68,0.37,0.22,0.22,0.5,2.0,1.1,0.9,81.8,42.3,49.6,9.9,3,41
Terance Mann,6.733333333333334,1.7333333333333334,0.6933333333333334,0.19000000000000003,0.45999999999999996,1.8333333333333333,3.4,2.6333333333333333,0.7666666666666666,75.89999999999999,37.766666666666666,48.699999999999996,18.766666666666666,16.333333333333332,63.0
Tre Mann,10.4,1.7,1.18,0.2,0.78,1.5,2.8,2.4,0.4,79.3,36.0,39.3,22.8,26,60
Boban Marjanovic,5.653846153846154,1.1384615384615384,0.693076923076923,0.2923076923076924,0.1907692307692308,0.5230769230769231,3.6076923076923078,2.4076923076923076,1.2000000000000002,69.98461538461538,13.423076923076923,52.7153846153846,8.684615384615384,3.3076923076923075,32.84615384615385
Lauri Markkanen,15.4,1.8780000000000001,1.276,0.492,0.674,1.26,6.760000000000001,5.66,1.1,84.66,36.540000000000006,44.28,29.68,51.2,56.4
Naji Marshall,6.7,1.5350000000000001,1.015,0.22999999999999998,0.7050000000000001,1.95,3.6500000000000004,3.05,0.6,75.15,27.45,39.85,17.65,7.0,43.5
Caleb Martin,6.8,1.5599999999999998,0.7733333333333333,0.37333333333333335,0.7799999999999999,1.2333333333333334,2.9333333333333336,2.1333333333333333,0.7999999999999999,73.8,40.06666666666667,44.06666666666666,18.633333333333333,5.333333333333333,43.666666666666664
Cody Martin,5.566666666666666,1.42,0.85,0.29000000000000004,0.9199999999999999,2.066666666666667,3.5,2.5,1.0,64.26666666666667,29.8,45.1,20.46666666666667,8.0,57.0
Kenyon Martin Jr.,9.05,1.705,0.8,0.71,0.55,1.2000000000000002,4.550000000000001,3.25,1.3,67.4,36.1,52.099999999999994,22.35,5.0,62.0
Garrison Mathews,6.18,1.7259999999999998,0.366,0.188,0.534,0.6,1.7,1.3800000000000001,0.32,67.67999999999999,30.339999999999996,32.72,16.279999999999998,18.0,42.4
Wesley Matthews,10.705555555555556,1.905555555555556,1.0522222222222224,0.20111111111111113,0.8588888888888888,1.8777777777777775,2.5555555555555554,2.0999999999999996,0.44999999999999996,76.91666666666667,34.32222222222222,37.81666666666667,27.983333333333334,49.388888888888886,57.44444444444444
Tyrese Maxey,12.75,1.69,0.9199999999999999,0.32,0.58,3.15,2.45,2.2,0.25,86.85,36.400000000000006,47.35,25.299999999999997,41.0,68.0
Skylar Mays,3.3499999999999996,0.39,0.315,0.03,0.33499999999999996,0.75,1.0,0.75,0.25,88.45,33.5,47.45,8.05,2.5,30.5
Miles McBride,2.2,1.13,0.13,0.03,0.35,1.0,1.1,1.0,0.1,66.7,25.0,29.6,9.3,2,40
Mac McClung,4.0,2.5,1.5,0.5,0.5,0.5,1.5,1.5,0.0,66.66666666666667,22.2,63.333333333333336,12.333333333333334,0.0,1.3333333333333333
CJ McCollum,19.136363636363637,2.0363636363636366,1.7254545454545456,0.35454545454545455,0.9118181818181817,3.6818181818181817,3.527272727272727,2.881818181818182,0.6545454545454545,76.38181818181819,39.345454545454544,45.27272727272728,31.1,50.45454545454545,59.27272727272727
T.J. McConnell,6.2,1.3055555555555556,1.3555555555555554,0.18666666666666668,1.0655555555555556,4.444444444444445,2.6444444444444444,2.1444444444444444,0.48888888888888893,68.93333333333334,28.000000000000004,44.74444444444444,19.48888888888889,9.88888888888889,61.333333333333336
Jaden McDaniels,8.0,2.965,0.91,0.86,0.65,1.1,3.95,3.0,0.9500000000000001,70.15,34.05,45.35,24.9,29.0,66.5
Jalen McDaniels,6.3999999999999995,1.9866666666666664,0.7666666666666666,0.33,0.5233333333333333,1.0,3.5666666666666664,2.6999999999999997,0.8666666666666666,75.43333333333332,36.266666666666666,47.43333333333334,17.933333333333334,6.666666666666667,39.333333333333336
Doug McDermott,8.725,1.4141666666666666,0.6408333333333334,0.1075,0.2083333333333333,0.9166666666666669,2.3833333333333333,1.9749999999999999,0.4083333333333334,80.175,40.05833333333334,46.46666666666667,20.875000000000004,8.583333333333334,56.166666666666664
JaVale McGee,7.499999999999998,2.191,1.0515,1.3625,0.34650000000000003,0.425,4.9799999999999995,3.214999999999999,1.7650000000000006,61.77500000000002,11.315000000000001,55.290000000000006,16.354999999999997,19.15,47.55
Rodney McGruder,4.2272727272727275,0.9745454545454546,0.4318181818181818,0.11090909090909093,0.35000000000000003,0.8454545454545456,1.8909090909090907,1.3636363636363635,0.5272727272727272,48.5,27.13636363636363,31.91818181818182,13.281818181818181,15.181818181818182,36.54545454545455
Jordan McLaughlin,4.1,0.6900000000000001,0.66,0.10250000000000001,0.7625,2.725,1.3250000000000002,1.075,0.25,54.6,26.474999999999998,33.55,13.149999999999999,1.75,35.75
Ben McLemore,8.327272727272728,1.9481818181818182,0.9627272727272728,0.19090909090909092,0.5563636363636364,0.8727272727272727,2.0727272727272728,1.718181818181818,0.35454545454545455,76.03636363636363,36.27272727272727,40.41818181818182,20.172727272727272,24.818181818181817,55.36363636363637
De'Anthony Melton,5.637500000000001,1.44625,1.075,0.33999999999999997,0.98875,2.1750000000000003,2.55,2.0625,0.4875,57.400000000000006,24.599999999999998,30.325,15.15,11.75,43.125
Chimezie Metu,5.050000000000001,1.015,0.7275,0.35750000000000004,0.405,0.7,2.9749999999999996,2.35,0.625,75.875,16.425,46.474999999999994,11.425,6.5,35.75
Khris Middleton,16.43,2.5120000000000005,2.016,0.187,1.1760000000000002,3.6399999999999997,4.680000000000001,4.12,0.5599999999999999,87.57000000000001,39.0,45.64,30.77,57.6,65.1
Patty Mills,8.173333333333334,1.1179999999999999,0.9366666666666668,0.06666666666666667,0.5566666666666668,2.013333333333333,1.4733333333333334,1.2066666666666666,0.2666666666666666,79.08666666666667,37.32,40.43333333333333,17.48,7.2,55.733333333333334
Paul Millsap,12.038888888888888,2.8288888888888883,1.5377777777777777,0.8650000000000001,1.095,2.0277777777777777,6.477777777777779,4.472222222222223,2.0,72.98333333333333,27.37222222222222,47.622222222222234,25.772222222222226,41.5,62.111111111111114
Shake Milton,8.75,1.9025,0.9775,0.29500000000000004,0.5075000000000001,2.275,2.2,1.725,0.475,79.125,35.525,43.85,19.525,8.5,44.5
Davion Mitchell,11.5,1.88,1.52,0.32,0.73,4.2,2.2,1.8,0.4,65.9,31.6,41.8,27.7,19,75
Donovan Mitchell,24.119999999999997,2.5100000000000002,2.7960000000000003,0.27999999999999997,1.268,4.54,4.180000000000001,3.38,0.8,83.44,36.18,44.080000000000005,33.71999999999999,67.4,69.0
Evan Mobley,15.0,2.13,1.93,1.67,0.81,2.5,8.3,6.2,2.1,66.3,25.0,50.8,33.8,69,69
Malik Monk,10.280000000000001,1.338,1.256,0.23399999999999999,0.506,2.02,2.32,2.0,0.32,83.16,34.959999999999994,41.760000000000005,20.22,7.6,61.8
Greg Monroe,8.654545454545456,1.663181818181818,1.2195454545454545,0.4368181818181819,0.6572727272727273,1.5999999999999999,5.659090909090909,3.5590909090909095,2.0909090909090913,53.790909090909096,5.454545454545454,49.83181818181819,17.94090909090909,19.681818181818183,34.27272727272727
Moses Moody,4.4,0.83,0.25,0.19,0.13,0.4,1.5,1.2,0.3,77.8,36.4,43.7,11.7,11,52
Xavier Moon,5.8,0.9,0.6,0.3,0.7,2.4,1.4,1.2,0.2,60.0,35.7,49.0,13.7,0,10
Ja Morant,21.433333333333337,1.5099999999999998,3.313333333333333,0.29,0.9766666666666666,7.133333333333333,4.566666666666666,3.5333333333333337,1.0333333333333334,75.49999999999999,32.73333333333333,47.29999999999999,32.233333333333334,62.333333333333336,62.333333333333336
Juwan Morgan,2.08,1.226,0.086,0.026000000000000002,0.038,0.42000000000000004,1.6800000000000002,0.9199999999999999,0.76,23.580000000000002,33.660000000000004,47.56,11.6,0.0,10.8
Markieff Morris,9.152631578947368,2.392631578947368,1.2557894736842103,0.40210526315789474,0.641578947368421,1.3578947368421053,4.28421052631579,3.3000000000000007,0.9842105263157894,69.24736842105263,30.105263157894736,38.99473684210526,20.7,23.894736842105264,47.10526315789474
Monte Morris,9.1,0.9640000000000001,0.6900000000000001,0.15,0.8220000000000001,3.4,1.98,1.72,0.25999999999999995,86.17999999999999,31.359999999999996,51.67999999999999,22.0,21.0,56.0
Marcus Morris Sr.,10.956249999999999,2.0206250000000003,1.0899999999999999,0.28375,0.604375,1.2437500000000001,4.0,3.20625,0.8,69.36874999999999,33.425000000000004,39.787499999999994,23.90625,32.625,53.5625
Mychal Mulder,5.300000000000001,1.09875,0.33875,0.13875,0.1575,0.5125000000000001,1.4875,1.35,0.1375,64.2,26.387500000000003,27.95,15.0125,2.25,13.5
Trey Murphy III,5.4,0.97,0.26,0.11,0.37,0.6,2.4,1.6,0.8,88.2,38.2,39.4,13.9,1,62
Dejounte Murray,9.866666666666665,1.4733333333333334,1.49,0.20666666666666667,1.1049999999999998,3.8166666666666664,4.666666666666667,3.883333333333333,0.7833333333333332,63.19999999999999,27.816666666666663,37.51666666666667,20.383333333333333,41.5,53.333333333333336
Jamal Murray,14.083333333333334,1.5666666666666667,1.6683333333333332,0.25999999999999995,0.8266666666666667,3.316666666666667,3.116666666666667,2.4500000000000006,0.6666666666666666,73.10000000000001,30.55,37.083333333333336,25.600000000000005,45.0,57.5
Mike Muscala,5.242857142857142,1.2578571428571428,0.4892857142857143,0.4157142857142856,0.26714285714285707,0.7428571428571429,2.6714285714285717,2.028571428571428,0.6428571428571429,73.37142857142855,29.42142857142857,38.435714285714276,13.228571428571428,3.0,38.785714285714285
Svi Mykhailiuk,5.9750000000000005,0.83375,0.8762500000000001,0.09250000000000003,0.5625,1.35,1.6874999999999998,1.3625,0.3125,64.2375,35.7125,36.7125,15.512499999999998,7.5,41.0
Larry Nance Jr.,8.072727272727272,2.1954545454545453,0.951818181818182,0.53,1.1627272727272726,1.7272727272727273,6.281818181818182,4.336363636363637,1.945454545454546,70.85454545454546,28.218181818181815,53.5909090909091,23.418181818181814,15.454545454545455,46.18181818181818
RJ Nembhard Jr.,1.1,0.14,0.21,0.0,0.07,0.9,0.5,0.3,0.2,75.0,0.0,33.3,4.5,0,14
Aaron Nesmith,4.25,1.62,0.55,0.15000000000000002,0.355,0.45,2.25,1.8,0.44999999999999996,79.69999999999999,32.0,41.7,12.75,2.0,49.0
Raul Neto,4.955555555555555,1.108888888888889,0.81,0.07777777777777778,0.5299999999999999,1.8111111111111111,1.3,1.1111111111111112,0.18888888888888888,72.6,32.32222222222222,40.44444444444444,13.155555555555557,11.222222222222221,49.0
Georges Niang,3.6125000000000003,0.83625,0.3975000000000001,0.057499999999999996,0.21625,0.5249999999999999,1.4124999999999999,1.1875,0.225,68.8,21.512500000000003,34.5625,9.0875,2.25,39.25
Daishen Nix,3.2,0.88,1.08,0.0,0.63,1.7,1.4,1.1,0.3,53.3,26.9,40.3,10.9,0,24
Zeke Nnaji,4.9,1.31,0.36500000000000005,0.21000000000000002,0.29000000000000004,0.30000000000000004,2.55,1.7000000000000002,0.85,71.55,43.5,49.85,13.25,1.0,41.5
Nerlens Noel,6.572727272727272,2.306363636363636,1.0636363636363635,1.2072727272727273,1.1327272727272726,0.9272727272727272,5.5,3.754545454545455,1.736363636363636,62.6090909090909,7.572727272727272,51.87272727272727,19.690909090909088,21.636363636363637,45.54545454545455
Jaylen Nowell,7.1000000000000005,1.2066666666666668,0.4833333333333334,0.17333333333333334,0.38666666666666666,1.6333333333333335,1.7333333333333332,1.3666666666666665,0.3666666666666667,84.73333333333333,28.066666666666663,41.9,14.633333333333335,0.3333333333333333,39.666666666666664
Frank Ntilikina,4.94,1.9280000000000002,1.0180000000000002,0.21600000000000003,0.6999999999999998,2.1599999999999997,1.7600000000000002,1.44,0.32,75.12,34.94,37.2,17.06,12.0,53.8
Kendrick Nunn,4.983333333333333,0.7000000000000001,0.5216666666666666,0.07833333333333332,0.295,0.9833333333333334,0.9833333333333334,0.8666666666666666,0.11666666666666665,29.71666666666667,12.183333333333332,15.4,9.799999999999999,18.5,20.5
Jusuf Nurkic,12.25,3.193,2.176,1.278,0.952,2.37,8.46,5.89,2.57,65.77000000000001,9.709999999999999,49.42,24.080000000000002,37.8,47.6
David Nwaba,4.690909090909091,1.3309090909090908,0.4227272727272728,0.3381818181818182,0.5145454545454545,0.6363636363636365,2.372727272727273,1.7545454545454546,0.6181818181818183,49.1,23.818181818181817,36.64545454545455,13.145454545454545,5.818181818181818,28.0
Jordan Nwora,6.800000000000001,0.995,0.8600000000000001,0.27,0.485,0.6,2.8,2.35,0.44999999999999996,79.85,40.0,43.099999999999994,14.100000000000001,7.5,46.0
Royce O'Neale,6.18,2.282,0.942,0.368,0.7860000000000001,2.08,4.8,4.18,0.6199999999999999,79.62,37.86,44.64,25.74,46.0,74.0
Chuma Okeke,5.466666666666666,0.81,0.5499999999999999,0.3633333333333333,0.82,1.3,3.0,2.466666666666667,0.5333333333333333,53.199999999999996,22.2,26.433333333333337,16.733333333333334,13.0,38.333333333333336
Josh Okogie,6.1000000000000005,1.9125,0.8625,0.39499999999999996,0.935,1.1,2.85,1.925,0.925,74.475,27.8,40.475,19.875,30.75,61.0
Onyeka Okongwu,6.3999999999999995,2.55,0.75,0.9550000000000001,0.555,0.75,4.550000000000001,2.75,1.7999999999999998,67.95,0.0,66.7,16.35,5.0,49.0
Isaac Okoro,9.2,2.605,1.075,0.345,0.885,1.85,3.05,2.0,1.05,74.69999999999999,32.0,45.0,31.0,64.0,67.0
Victor Oladipo,17.116666666666667,2.3649999999999998,2.513333333333333,0.4008333333333334,1.468333333333333,3.9916666666666667,4.508333333333333,3.9916666666666667,0.525,76.63333333333334,33.88333333333333,42.63333333333333,31.300000000000008,35.666666666666664,41.25
Kelly Olynyk,10.845454545454546,2.816363636363636,1.5436363636363637,0.49181818181818165,0.8409090909090907,2.2636363636363637,5.427272727272727,4.2,1.2181818181818183,78.65454545454544,36.22727272727273,47.61818181818182,23.11818181818182,20.727272727272727,61.81818181818182
Cedi Osman,9.8,2.05,1.1600000000000001,0.148,0.734,2.12,3.1800000000000006,2.6800000000000006,0.5,69.55999999999999,35.239999999999995,43.080000000000005,24.08,36.2,65.4
Kelly Oubre Jr.,12.877777777777778,2.5411111111111118,1.1411111111111112,0.5788888888888888,0.9944444444444446,1.0444444444444445,4.477777777777778,3.522222222222222,0.9555555555555557,74.32222222222224,32.36666666666667,43.477777777777774,25.944444444444443,20.11111111111111,60.888888888888886
Eric Paschall,9.766666666666667,1.5533333333333335,1.04,0.16333333333333333,0.33,1.3333333333333333,3.1999999999999997,2.3333333333333335,0.8666666666666666,75.13333333333333,33.0,49.300000000000004,19.233333333333334,10.333333333333334,52.666666666666664
Chris Paul,17.1,2.288947368421052,2.2673684210526313,0.1473684210526316,1.9710526315789472,8.836842105263159,4.289473684210526,3.7210526315789476,0.5684210526315789,82.9684210526316,34.678947368421056,44.8,32.51578947368421,64.47368421052632,64.47368421052632
Cameron Payne,6.953846153846154,1.657692307692308,1.0823076923076924,0.2,0.6584615384615385,2.623076923076923,2.1307692307692303,1.8461538461538465,0.29230769230769227,71.07692307692308,33.8,38.5076923076923,16.907692307692308,4.153846153846154,27.53846153846154
Elfrid Payton,9.466666666666667,1.861666666666667,2.055833333333333,0.285,1.1025,5.441666666666667,3.8416666666666672,2.891666666666666,0.9583333333333334,56.15,24.908333333333335,40.89166666666666,24.608333333333334,41.166666666666664,50.666666666666664
Gary Payton II,2.6,0.9053333333333333,0.424,0.20733333333333331,0.5066666666666666,0.84,1.3,0.9866666666666667,0.30666666666666664,33.13333333333333,23.853333333333335,38.4,7.533333333333333,3.0,12.266666666666667
Jamorko Pickett,3.8,0.92,0.38,0.54,0.0,0.5,2.5,2.0,0.5,50.0,33.3,36.0,13.5,0,13
Theo Pinson,2.0999999999999996,0.5575,0.4525,0.053750000000000006,0.23875000000000002,0.8125,0.9624999999999999,0.8375,0.125,59.25,16.2875,21.8875,6.437499999999999,0.0,17.375
Mason Plumlee,8.618181818181819,2.795454545454546,1.528181818181818,0.9254545454545454,0.769090909090909,2.618181818181818,6.754545454545454,4.7,2.0545454545454547,55.84545454545455,1.8181818181818181,58.42727272727273,22.91818181818182,40.90909090909091,67.45454545454545
Jakob Poeltl,7.2,2.3016666666666663,0.9700000000000001,1.2383333333333333,0.5116666666666667,1.433333333333333,6.033333333333334,3.566666666666667,2.4666666666666663,52.31666666666666,25.0,62.416666666666664,20.01666666666667,27.333333333333332,69.33333333333333
Aleksej Pokusevski,7.8999999999999995,1.365,1.87,0.775,0.54,2.1500000000000004,4.95,4.0,0.95,71.9,28.45,37.45,22.2,20.0,53.0
Jordan Poole,13.1,2.0166666666666666,1.5866666666666667,0.21999999999999997,0.6366666666666667,2.766666666666667,2.4333333333333336,2.1333333333333333,0.3,86.83333333333333,33.13333333333333,40.43333333333333,23.933333333333334,24.0,61.333333333333336
Kevin Porter Jr.,8.6,1.5762500000000002,1.73875,0.19375000000000003,0.5475,2.9,2.3,1.9125,0.38750000000000007,44.449999999999996,20.8375,26.8625,17.7625,14.125,26.625
Michael Porter Jr.,9.55,1.4175,0.87,0.39,0.565,0.95,4.65,3.725,0.925,54.49999999999999,26.875,35.25,19.275,17.75,31.25
Otto Porter Jr.,10.73076923076923,1.7038461538461538,0.8200000000000001,0.37076923076923074,1.0761538461538462,1.6999999999999997,4.938461538461539,3.946153846153846,0.9923076923076923,80.78461538461539,35.96153846153846,45.0,25.03846153846154,28.076923076923077,45.23076923076923
Bobby Portis,10.527272727272727,1.9145454545454548,1.0545454545454545,0.33636363636363636,0.5363636363636363,1.1363636363636362,6.136363636363637,4.427272727272728,1.7090909090909088,68.7090909090909,34.10000000000001,42.018181818181816,20.418181818181818,13.909090909090908,51.72727272727273
Kristaps Porzingis,14.281818181818181,2.1436363636363636,1.1836363636363638,1.3081818181818183,0.5036363636363637,1.3272727272727274,5.827272727272727,4.5,1.3272727272727274,60.67272727272728,25.20909090909091,32.709090909090904,22.09090909090909,35.18181818181818,35.27272727272727
Dwight Powell,6.389999999999999,1.921,0.619,0.392,0.564,0.8399999999999999,3.75,2.48,1.27,72.53,24.4,58.24000000000001,15.9,17.8,54.0
Myles Powell,0.6,0.365,0.135,0.0,0.045,0.15,0.3,0.25,0.05,50.0,8.35,14.7,2.35,0.0,5.5
Norman Powell,14.4,2.0518181818181818,1.3281818181818184,0.34727272727272723,0.8654545454545456,1.7545454545454549,2.809090909090909,2.3545454545454545,0.45454545454545464,83.46363636363638,39.90909090909091,46.31818181818182,25.7,26.09090909090909,48.63636363636363
Jason Preston,0.0,0.0,0.0,0.0,0.0,0.0,0.0,0.0,0.0,0.0,0.0,0.0,0.0,0,0
Joshua Primo,5.8,1.58,1.14,0.46,0.4,1.6,2.2,1.6,0.6,74.6,30.7,37.4,19.3,16,50
Taurean Prince,9.249999999999998,1.831,1.319,0.42299999999999993,0.7260000000000001,1.51,3.55,3.08,0.4700000000000001,73.83000000000001,33.190000000000005,36.779999999999994,21.389999999999997,28.9,47.5
Payton Pritchard,6.95,1.22,0.69,0.11000000000000001,0.455,1.9,2.15,1.65,0.5,94.45,41.150000000000006,43.45,16.65,3.0,68.5
Trevelin Queen,2.15,0.3,0.35,0.05,0.25,0.2,0.8,0.45,0.35,50.0,18.75,22.75,3.7,0.0,5.0
Neemias Queta,3.0,1.2,0.4,0.53,0.07,0.4,2.0,1.1,0.9,64.7,0.0,44.7,8.0,0,15
Immanuel Quickley,11.350000000000001,1.96,1.09,0.115,0.58,2.75,2.7,2.3,0.4,88.6,36.75,39.35,21.25,3.0,71.0
Julius Randle,14.719999999999999,2.5650000000000004,2.344,0.346,0.5780000000000001,2.84,7.510000000000001,5.9,1.6199999999999999,59.20000000000001,23.869999999999997,41.190000000000005,26.619999999999997,50.2,58.2
Austin Reaves,7.3,1.43,0.66,0.33,0.48,1.8,3.1,2.4,0.7,83.9,31.7,45.9,23.2,19,61
Cam Reddish,9.96,1.684,1.266,0.344,1.034,1.1199999999999999,2.7399999999999998,2.18,0.5599999999999999,86.53999999999999,31.8,39.400000000000006,22.800000000000004,13.8,36.4
Davon Reed,1.225,0.34,0.12625,0.036250000000000004,0.1475,0.2875,0.675,0.575,0.1,16.675,21.4875,20.325,4.35,0.75,11.125
Paul Reed,3.25,1.31,0.36,0.435,0.625,0.45,2.45,1.25,1.2,46.45,12.5,55.05,7.4,1.0,32.0
Naz Reid,9.5,2.52,0.9266666666666667,0.9133333333333334,0.5466666666666667,1.0333333333333334,4.2,3.0,1.2,71.86666666666666,34.13333333333333,47.46666666666667,17.166666666666668,10.666666666666666,59.0
Nick Richards,1.9,0.7050000000000001,0.325,0.21,0.09,0.2,1.15,0.7,0.44999999999999996,66.7,0.0,55.55,5.4,2.5,34.0
Josh Richardson,10.645454545454546,2.0181818181818185,1.2263636363636363,0.5081818181818183,0.9081818181818183,2.272727272727273,2.790909090909091,2.1454545454545455,0.6363636363636364,76.19090909090909,34.49090909090909,39.14545454545454,25.94545454545455,33.27272727272727,50.72727272727273
Austin Rivers,7.026315789473684,1.7873684210526317,0.8705263157894738,0.1457894736842105,0.5994736842105264,1.857894736842105,1.7684210526315791,1.5052631578947369,0.26315789473684204,54.41052631578947,28.510526315789477,34.86842105263158,20.2,10.578947368421053,44.36842105263158
Duncan Robinson,10.2,2.105,0.78,0.18,0.48500000000000004,1.275,2.6,2.45,0.15000000000000002,81.525,37.8,42.475,24.424999999999997,52.25,59.75
Mitchell Robinson,8.45,2.9875,0.7025,1.9224999999999999,0.895,0.55,7.525,4.175,3.35,53.625,0.0,71.25,24.225,29.25,57.5
Jeremiah Robinson-Earl,7.5,1.53,0.8,0.31,0.59,1.0,5.6,4.1,1.5,74.1,35.2,41.4,22.2,36,49
Isaiah Roby,3.133333333333333,0.9516666666666667,0.5733333333333334,0.22833333333333336,0.27499999999999997,0.5666666666666668,1.9833333333333334,1.45,0.5333333333333333,23.600000000000005,12.299999999999999,16.616666666666664,8.65,10.333333333333334,18.666666666666668
Rajon Rondo,8.740909090909092,1.9159090909090908,2.5904545454545453,0.13,1.3745454545454547,7.372727272727274,4.309090909090909,3.477272727272727,0.8318181818181816,61.74090909090908,31.37272727272728,43.72727272727273,27.37272727272727,36.59090909090909,50.40909090909091
Derrick Rose,13.63809523809524,0.9438095238095239,1.9166666666666667,0.2704761904761905,0.6257142857142858,3.9333333333333336,2.4,1.8285714285714287,0.5714285714285715,73.46190476190475,25.85238095238096,38.542857142857144,23.78095238095238,25.523809523809526,37.95238095238095
Terrence Ross,11.25,1.7508333333333332,1.0266666666666666,0.3575000000000001,0.9058333333333333,1.3166666666666664,2.8333333333333335,2.5083333333333333,0.32499999999999996,82.0,35.416666666666664,41.81666666666667,25.25,16.833333333333332,62.333333333333336
Terry Rozier,11.477777777777778,1.2999999999999998,1.178888888888889,0.19666666666666668,0.791111111111111,2.822222222222222,3.411111111111111,2.8111111111111113,0.6000000000000001,72.74444444444445,31.67777777777778,35.144444444444446,23.41111111111111,33.111111111111114,60.0
Ricky Rubio,9.926666666666666,2.1673333333333336,2.3033333333333332,0.12399999999999999,1.504,6.62,3.7000000000000006,3.166666666666667,0.5333333333333333,73.11333333333333,28.146666666666665,33.306666666666665,26.226666666666674,44.93333333333333,50.93333333333333
D 'Angelo Russell,17.09,1.6809999999999998,2.682,0.268,0.9999999999999998,5.2299999999999995,3.29,2.87,0.43,70.96000000000001,32.09,37.730000000000004,27.040000000000003,40.5,46.9
Matt Ryan,3.0,0.0,0.0,0.0,1.0,0.0,0.0,0.0,0.0,0.0,20.0,20.0,5.0,0,1
Domantas Sabonis,15.887500000000003,3.1625,2.6025,0.43124999999999997,0.81375,4.2,10.1875,7.6499999999999995,2.5375,72.5125,33.0875,53.5625,30.374999999999996,42.0,59.625
Dario Saric,8.97,1.8009999999999997,1.211,0.157,0.462,1.5000000000000002,4.680000000000001,3.4800000000000004,1.2,68.33,28.139999999999997,35.18000000000001,20.21,29.7,50.3
Tomas Satoransky,5.05,1.2308333333333332,0.9616666666666669,0.10333333333333333,0.5783333333333334,3.0499999999999994,2.2,1.6333333333333335,0.5666666666666667,67.025,22.875,32.90833333333333,16.825,21.583333333333332,42.333333333333336
Jordan Schakel,1.3,0.0,0.25,0.0,0.25,0.0,2.0,1.5,0.5,100.0,16.7,9.1,7.5,0,4
Admiral Schofield,1.9600000000000002,0.9099999999999999,0.192,0.06999999999999999,0.11000000000000001,0.33999999999999997,1.02,0.86,0.16,42.68,19.02,23.580000000000002,6.94,1.0,20.8
Dennis Schroder,13.690909090909093,2.100909090909091,2.3454545454545457,0.13,0.8163636363636365,4.681818181818182,2.9818181818181815,2.5454545454545454,0.43636363636363634,82.49999999999999,32.93636363636364,42.74545454545454,26.599999999999998,26.90909090909091,62.27272727272727
Jay Scrubb,5.75,0.875,1.07,0.085,0.61,0.35,2.2,1.9,0.3,85.0,25.4,39.0,13.85,0.5,11.0
Alperen Sengun,9.6,2.97,2.01,0.94,0.82,2.6,5.4,3.5,1.9,71.1,24.8,47.4,20.7,13,72
Collin Sexton,19.45,2.3375,2.5725,0.0875,0.8700000000000001,3.125,3.125,2.1750000000000003,0.95,81.1,34.925000000000004,45.675,32.199999999999996,52.0,54.5
Landry Shamet,9.200000000000001,1.91,0.6683333333333333,0.135,0.45999999999999996,1.6666666666666667,1.8500000000000003,1.6166666666666665,0.2333333333333333,82.61666666666667,40.1,41.53333333333334,23.71666666666667,18.333333333333332,56.833333333333336
Day'Ron Sharpe,6.2,1.88,0.94,0.47,0.31,0.5,5.0,2.5,2.5,58.5,28.6,57.7,12.2,8,32
Pascal Siakam,15.916666666666664,2.715,1.8016666666666667,0.6916666666666665,0.9266666666666666,3.1166666666666667,6.316666666666667,4.8999999999999995,1.4166666666666667,74.36666666666667,28.866666666666664,49.349999999999994,29.516666666666666,51.0,66.66666666666667
Ben Simmons,9.057142857142859,1.6385714285714283,1.912857142857143,0.4014285714285714,0.9771428571428571,4.3999999999999995,4.557142857142857,3.471428571428571,1.0857142857142856,34.199999999999996,8.371428571428572,32.07142857142857,19.38571428571429,39.285714285714285,39.285714285714285
Marko Simonovic,0.95,0.335,0.11,0.055,0.055,0.0,0.6,0.3,0.3,36.35,10.0,13.35,1.95,0.0,4.5
Anfernee Simons,9.3,1.4525,1.0274999999999999,0.095,0.3075,1.8499999999999999,1.9500000000000002,1.625,0.325,77.1,37.7,42.625,18.65,8.75,52.75
Jericho Sims,2.2,1.61,0.49,0.54,0.27,0.5,4.1,2.6,1.5,41.4,0.0,72.2,13.5,5,41
Javonte Smart,3.466666666666667,0.6,0.5966666666666667,0.20000000000000004,0.4033333333333333,0.8333333333333334,1.3999999999999997,1.1,0.3,55.53333333333333,32.06666666666666,34.800000000000004,11.366666666666667,0.6666666666666666,11.333333333333334
Marcus Smart,10.587499999999999,2.57625,1.81875,0.37374999999999997,1.56375,4.5,3.6,2.7624999999999997,0.8375,77.3625,31.8,38.175000000000004,29.9125,37.375,65.0
Ish Smith,5.707142857142857,1.01,1.0235714285714284,0.18392857142857144,0.6064285714285713,3.0571428571428574,1.9464285714285718,1.6428571428571426,0.30357142857142866,53.96428571428571,27.071428571428577,36.025000000000006,15.389285714285716,9.464285714285714,39.464285714285715
Jalen Smith,7.6499999999999995,1.5699999999999998,0.6825,0.655,0.24,0.4,4.95,3.375,1.575,75.2,29.175,48.349999999999994,15.450000000000001,4.25,32.25
Xavier Sneed,0.32499999999999996,0.3,0.0,0.0,0.0,0.05,0.55,0.325,0.2,0.0,7.3,11.25,3.175,0.0,4.5
Tony Snell,5.266666666666667,1.2633333333333332,0.462,0.19266666666666668,0.3866666666666667,0.9733333333333334,1.953333333333333,1.7066666666666668,0.24666666666666667,78.38666666666667,34.03333333333333,37.38666666666666,18.96,30.6,52.86666666666667
Jaden Springer,1.0,0.0,0.5,1.0,0.0,0.0,1.0,0.5,0.5,0.0,0.0,100.0,3.0,0,2
Nik Stauskas,3.69375,0.5712499999999999,0.48624999999999996,0.08937500000000002,0.209375,0.7437499999999999,1.1124999999999998,0.9625,0.15,59.13125,26.2375,27.699999999999996,10.34375,3.9375,28.75
Lance Stephenson,7.033333333333334,1.7333333333333334,1.4016666666666668,0.12000000000000001,0.47,2.6555555555555554,3.1388888888888884,2.7222222222222223,0.4222222222222222,63.233333333333334,24.583333333333332,41.355555555555554,18.894444444444442,11.88888888888889,38.166666666666664
Lamar Stevens,5.1,1.505,0.615,0.31,0.45999999999999996,0.6499999999999999,2.5,1.85,0.6499999999999999,71.6,21.85,47.25,14.3,6.5,51.5
DJ Stewart,0.0,0.0,0.0,0.0,0.0,0.0,0.0,0.0,0.0,0.0,0.0,0.0,0.0,0,0
Isaiah Stewart,8.100000000000001,2.84,1.095,1.1800000000000002,0.43999999999999995,1.05,7.6499999999999995,4.9,2.75,70.69999999999999,32.95,53.15,23.5,42.5,69.5
Max Strus,4.34,0.762,0.21000000000000002,0.057999999999999996,0.13799999999999998,0.4,1.0,0.7,0.3,69.17999999999999,14.959999999999999,44.6,8.459999999999999,3.2,22.2
Jalen Suggs,11.8,2.96,2.98,0.4,1.23,4.4,3.5,3.0,0.5,77.3,21.4,36.1,27.2,45,48
Jae'Sean Tate,11.55,3.42,1.5899999999999999,0.52,1.065,2.65,5.4,3.6,1.7999999999999998,70.05000000000001,31.0,50.2,27.799999999999997,67.5,74.0
Jayson Tatum,21.26,2.104,2.17,0.686,1.134,3.08,6.7,5.82,0.8800000000000001,84.28,38.98,45.739999999999995,33.519999999999996,73.0,73.0
Terry Taylor,9.6,1.85,0.7,0.24,0.42,1.2,5.2,2.3,2.9,70.6,31.6,61.4,21.6,7,33
Garrett Temple,4.851999999999999,1.4868000000000001,0.8051999999999999,0.27159999999999995,0.622,1.3319999999999996,1.7479999999999998,1.444,0.30400000000000005,58.115999999999985,26.072,33.67999999999999,16.191999999999997,16.68,37.2
Daniel Theis,8.200000000000001,2.5466666666666664,0.9099999999999999,0.8044444444444445,0.5022222222222222,1.2666666666666666,5.066666666666666,3.5999999999999996,1.4555555555555557,70.0888888888889,32.63333333333334,53.96666666666667,20.98888888888889,25.0,46.44444444444444
Brodric Thomas,2.35,0.8133333333333334,0.5566666666666666,0.17500000000000002,0.23833333333333337,0.7666666666666666,1.05,0.85,0.21666666666666665,54.25,19.416666666666668,31.683333333333337,6.983333333333333,0.3333333333333333,14.666666666666666
Cam Thomas,8.5,0.99,0.82,0.12,0.49,1.2,2.4,2.2,0.2,82.9,27.0,43.3,17.6,2,67
Isaiah Thomas,12.62380952380952,1.6595238095238096,1.7700000000000005,0.1123809523809524,0.5228571428571429,3.5,1.7571428571428571,1.3761904761904762,0.38095238095238093,73.30952380952378,29.15238095238096,36.271428571428565,21.66666666666667,19.80952380952381,33.857142857142854
Matt Thomas,3.66,0.518,0.308,0.02,0.146,0.44000000000000006,1.16,1.0,0.15999999999999998,82.41999999999999,37.379999999999995,41.56,8.8,0.2,34.2
Klay Thompson,15.954545454545457,1.6990909090909092,1.3645454545454547,0.43727272727272726,0.7054545454545454,1.9272727272727272,2.872727272727273,2.4999999999999996,0.3727272727272727,69.67272727272729,33.97272727272727,37.22727272727272,26.59090909090909,55.45454545454545,58.81818181818182
Tristan Thompson,8.392857142857142,2.1185714285714288,1.0742857142857143,0.6107142857142858,0.4514285714285715,0.9428571428571427,7.6,4.5928571428571425,2.9999999999999996,56.978571428571435,12.314285714285713,52.842857142857135,24.057142857142853,34.57142857142857,56.214285714285715
JT Thor,2.0,0.79,0.3,0.33,0.24,0.6,1.3,1.0,0.3,60.0,25.9,43.6,7.9,0,33
Matisse Thybulle,3.8,1.7420000000000002,0.532,0.718,1.238,0.9,1.4999999999999998,1.02,0.5,49.1,26.560000000000002,35.32,17.02,17.2,52.2
Killian Tillie,3.25,1.36,0.235,0.43,0.46,0.5,1.5,1.05,0.44999999999999996,72.15,30.85,33.599999999999994,11.45,2.0,27.0
Xavier Tillman,5.699999999999999,1.58,0.7,0.42000000000000004,0.835,1.25,3.7,2.45,1.25,64.5,27.099999999999998,50.65,15.799999999999999,7.0,56.0
Isaiah Todd,1.7,0.33,0.33,0.17,0.33,0.3,1.1,0.8,0.3,33.3,25.0,26.9,6.2,0,12
Obi Toppin,6.55,1.155,0.575,0.35,0.31,0.8,3.0,2.3,0.7,74.44999999999999,30.700000000000003,51.45,14.05,5.0,67.0
Juan Toscano-Anderson,5.033333333333333,1.9933333333333334,1.1033333333333333,0.3666666666666667,0.81,2.1666666666666665,3.6,3.0666666666666664,0.5333333333333333,62.699999999999996,35.733333333333334,50.93333333333334,18.466666666666665,9.333333333333334,46.333333333333336
Karl Anthony Towns,23.571428571428573,3.4099999999999997,2.7528571428571427,1.3457142857142859,0.8185714285714285,3.2857142857142856,11.242857142857142,8.285714285714286,2.9571428571428577,83.05714285714286,39.114285714285714,52.42857142857143,34.114285714285714,68.85714285714286,68.85714285714286
Gary Trent Jr.,12.733333333333333,1.4433333333333334,0.6366666666666667,0.20833333333333334,0.9366666666666666,1.2333333333333334,2.266666666666667,1.9000000000000001,0.3833333333333333,74.43333333333334,36.26666666666667,39.91666666666667,26.316666666666666,25.666666666666668,43.666666666666664
P.J. Tucker,6.186666666666667,2.3273333333333337,0.874,0.2853333333333333,1.0506666666666666,1.3266666666666667,5.133333333333334,3.78,1.353333333333333,72.75999999999999,33.57333333333333,42.01333333333333,26.873333333333335,42.333333333333336,60.666666666666664
Rayjon Tucker,2.4699999999999998,0.517,0.20900000000000002,0.015000000000000003,0.30199999999999994,0.77,0.86,0.62,0.25,52.56999999999999,32.239999999999995,38.11,7.090000000000001,0.0,7.8
Myles Turner,12.62857142857143,2.912857142857143,1.3342857142857143,2.34,0.7114285714285714,1.1571428571428573,6.642857142857143,5.242857142857143,1.4000000000000001,76.2,33.128571428571426,48.82857142857142,28.7,56.857142857142854,61.57142857142857
Jonas Valanciunas,13.983333333333334,2.8891666666666667,1.7016666666666669,1.0516666666666667,0.41083333333333333,1.2750000000000001,9.358333333333334,6.633333333333333,2.7249999999999996,78.59166666666665,23.8,56.25,25.525000000000002,57.75,62.0
Fred VanVleet,13.333333333333334,1.9366666666666665,1.5583333333333336,0.3666666666666667,1.24,4.75,3.0833333333333335,2.6999999999999997,0.3833333333333333,85.0,38.4,39.86666666666667,27.583333333333332,33.166666666666664,58.0
Jarred Vanderbilt,2.8166666666666664,1.0016666666666667,0.6116666666666667,0.2683333333333333,0.5533333333333333,0.5166666666666667,2.9333333333333336,1.9833333333333334,0.9499999999999998,63.583333333333336,5.716666666666666,50.1,9.783333333333333,16.166666666666668,29.5
Devin Vassell,8.9,1.7149999999999999,0.585,0.43499999999999994,0.88,1.4,3.55,3.05,0.5,84.05,35.400000000000006,41.650000000000006,22.15,19.5,66.5
Luca Vildoza,0.0,0.0,0.0,0.0,0.0,0.0,0.0,0.0,0.0,0.0,0.0,0.0,0.0,0.0,0.0
Gabe Vincent,5.3,1.5233333333333334,0.7433333333333333,0.07333333333333333,0.63,1.7,1.1666666666666667,1.0,0.16666666666666666,56.166666666666664,29.966666666666665,33.699999999999996,15.233333333333333,11.333333333333334,42.333333333333336
Nikola Vucevic,17.599999999999998,2.3992307692307695,1.7238461538461538,0.8738461538461539,0.8723076923076923,2.876923076923077,10.453846153846154,8.007692307692306,2.4461538461538463,75.7,28.93846153846154,48.830769230769235,30.8923076923077,57.69230769230769,62.38461538461539
Dean Wade,4.333333333333333,1.2133333333333334,0.3466666666666667,0.26666666666666666,0.43333333333333335,0.7999999999999999,2.6333333333333333,2.1333333333333333,0.5,47.866666666666674,40.833333333333336,52.63333333333333,14.766666666666666,15.666666666666666,42.0
Franz Wagner,15.2,2.08,1.51,0.43,0.86,2.9,4.5,3.4,1.1,86.3,35.4,46.8,30.7,79,79
Moritz Wagner,6.377777777777777,2.1466666666666665,0.9766666666666666,0.33111111111111113,0.4044444444444444,0.9555555555555557,3.166666666666666,2.5000000000000004,0.6555555555555554,69.35555555555555,28.84444444444444,40.65555555555555,14.066666666666668,7.333333333333333,31.77777777777778
Ish Wainright,1.5999999999999999,0.7300000000000001,0.19666666666666666,0.07666666666666667,0.28,0.19999999999999998,0.7999999999999999,0.39999999999999997,0.39999999999999997,38.86666666666667,21.46666666666667,26.266666666666666,5.333333333333333,0.0,30.0
Kemba Walker,16.506666666666668,1.2706666666666666,1.784,0.324,1.012,4.426666666666666,3.2866666666666666,2.8133333333333335,0.4666666666666667,73.49333333333333,30.820000000000004,35.97333333333333,28.193333333333335,53.0,56.0
Lonnie Walker IV,8.075,1.1925,0.7625,0.2325,0.51,1.375,2.125,1.9,0.22500000000000003,77.975,36.5,40.025000000000006,17.875,14.0,52.0
John Wall,15.983333333333333,1.7741666666666662,3.1425,0.615,1.3291666666666666,7.400000000000001,3.4583333333333335,2.9916666666666667,0.46666666666666673,64.275,24.608333333333334,35.783333333333324,29.383333333333336,50.083333333333336,51.083333333333336
T.J. Warren,12.419999999999998,2.058,0.829,0.347,0.744,0.9700000000000001,3.13,2.21,0.9199999999999999,62.23,23.590000000000003,41.089999999999996,22.890000000000004,30.3,39.9
P.J. Washington,11.800000000000002,2.5766666666666667,1.62,0.9766666666666666,0.9466666666666667,2.3,5.733333333333333,4.466666666666667,1.2666666666666666,70.26666666666667,37.5,45.5,29.333333333333332,48.666666666666664,62.333333333333336
Duane Washington Jr.,9.9,1.38,1.19,0.06,0.54,1.8,1.7,1.6,0.1,75.4,37.7,40.5,20.2,7,48
Yuta Watanabe,3.325,0.8425,0.34750000000000003,0.23249999999999998,0.34,0.55,2.2,1.725,0.475,62.575,31.05,39.5,10.899999999999999,2.0,30.25
Lindy Waters III,8.0,1.24,0.44,0.32,0.76,1.0,2.9,2.7,0.2,80.0,36.3,40.6,18.6,1,25
Trendon Watford,7.6,2.42,0.92,0.58,0.52,1.7,4.2,3.0,1.2,75.5,23.7,53.2,18.1,10,48
Quinndary Weatherspoon,2.033333333333333,0.9966666666666667,0.4066666666666667,0.09333333333333334,0.25333333333333335,0.6333333333333333,0.8333333333333334,0.6666666666666666,0.16666666666666666,77.10000000000001,18.900000000000002,44.06666666666666,6.599999999999999,0.0,14.0
Russell Westbrook,21.78125,2.53375,3.88,0.29,1.565,7.78125,6.987499999999999,5.43125,1.5625,72.625,27.712500000000006,41.24375,32.543749999999996,66.3125,67.375
Coby White,13.666666666666666,2.2133333333333334,1.6966666666666665,0.16333333333333333,0.5933333333333334,3.466666666666667,3.533333333333333,3.1666666666666665,0.3666666666666667,84.96666666666665,36.6,41.43333333333333,28.166666666666668,24.0,65.0
Derrick White,11.200000000000001,2.0314285714285716,1.2814285714285716,0.7185714285714286,0.7271428571428572,3.6285714285714286,3.1285714285714286,2.6714285714285717,0.4571428571428572,82.31428571428572,37.1,44.12857142857143,25.042857142857148,30.142857142857142,48.285714285714285
Hassan Whiteside,9.285714285714286,2.1042857142857145,1.0814285714285714,1.72,0.3842857142857143,0.4642857142857143,7.978571428571428,5.635714285714286,2.35,45.435714285714276,16.192857142857143,45.93571428571429,18.50714285714286,30.357142857142858,44.714285714285715
Joe Wieskamp,2.1,0.48,0.07,0.1,0.14,0.3,0.4,0.3,0.1,53.8,32.6,35.7,7.1,0,29
Aaron Wiggins,8.3,1.86,1.08,0.2,0.6,1.4,3.5,2.5,1.0,72.9,30.4,46.3,24.2,35,50
Andrew Wiggins,19.64,2.206,2.058,0.78,0.9879999999999999,2.6499999999999995,4.56,3.3199999999999994,1.2399999999999998,70.72,34.11,44.89,34.739999999999995,65.2,65.2
Lindell Wigginton,2.1,0.45,0.315,0.025,0.13,0.6,0.7,0.6,0.1,27.15,17.3,21.3,5.25,0.0,9.5
Brandon Williams,12.9,2.17,2.42,0.42,1.0,3.9,3.1,2.3,0.8,70.1,29.2,37.2,26.7,16,24
Grant Williams,5.3,2.4466666666666668,0.8066666666666666,0.5466666666666667,0.4766666666666666,1.0,3.0,2.1666666666666665,0.8333333333333334,73.83333333333333,34.43333333333334,44.13333333333333,19.2,11.666666666666666,69.66666666666667
Kenrich Williams,6.25,2.0375,0.8575,0.3525,0.85,1.95,4.575,3.25,1.325,53.65,34.35,43.125,22.075000000000003,15.0,50.0
Lou Williams,13.328571428571431,1.1966666666666665,1.6519047619047622,0.16714285714285712,0.8066666666666668,3.2428571428571433,2.1904761904761907,1.8285714285714285,0.36190476190476195,83.14761904761905,35.03809523809523,41.76190476190476,23.357142857142858,6.0476190476190474,60.476190476190474
Patrick Williams,9.1,1.7149999999999999,1.16,0.5900000000000001,0.7150000000000001,1.15,4.35,3.4000000000000004,0.95,73.0,45.400000000000006,50.599999999999994,26.35,40.0,44.0
Ziaire Williams,8.1,1.82,0.66,0.19,0.56,1.0,2.1,1.7,0.4,78.2,31.4,45.0,21.7,31,62
Robert Williams III,6.425,1.79,0.7650000000000001,1.6025,0.6975,1.225,5.85,3.675,2.1750000000000003,64.625,0.0,72.25,17.675,19.25,43.5
Zion Williamson,16.5,1.32,1.7333333333333334,0.34,0.5333333333333333,1.9333333333333336,4.5,2.6999999999999997,1.8,44.6,24.099999999999998,39.800000000000004,20.333333333333332,28.333333333333332,28.333333333333332
Dylan Windler,2.466666666666667,0.71,0.45,0.15,0.2966666666666667,0.6,1.7333333333333334,1.3999999999999997,0.3333333333333333,53.699999999999996,21.266666666666666,27.2,8.566666666666666,0.0,27.0
Justise Winslow,7.972727272727273,2.1190909090909087,1.3836363636363638,0.4072727272727273,0.7772727272727272,2.5181818181818176,4.818181818181818,3.7818181818181817,1.0454545454545454,56.63636363636365,22.990909090909085,36.75454545454546,23.372727272727275,12.090909090909092,34.0
Cassius Winston,1.95,0.825,0.33,0.025,0.045,0.75,0.25,0.25,0.0,91.65,40.2,39.4,5.05,0.0,14.5
James Wiseman,5.75,1.55,0.77,0.46,0.14,0.35,2.9,2.2,0.7,31.4,15.8,25.95,10.7,13.5,19.5
Christian Wood,9.930000000000001,1.213,0.999,0.652,0.437,0.78,5.04,3.88,1.15,62.489999999999995,31.32,46.2,16.29,13.6,30.5
Robert Woodard II,0.675,0.21500000000000002,0.065,0.10250000000000001,0.045,0.2,0.75,0.475,0.275,59.375,16.675,16.25,2.625,0.0,9.25
Delon Wright,7.230769230769232,1.0646153846153845,0.9584615384615385,0.3523076923076923,1.113076923076923,2.992307692307693,3.1384615384615384,2.369230769230769,0.7692307692307693,73.54615384615384,32.36923076923077,41.57692307692308,20.16153846153846,9.76923076923077,47.84615384615385
Moses Wright,1.0,0.0,0.0,0.21,0.0,0.6,0.6,0.39999999999999997,0.19999999999999998,66.66666666666667,0.0,16.666666666666668,3.033333333333333,0.0,2.6666666666666665
McKinley Wright IV,1.0,0.2,0.2,0.0,0.0,0.6,0.0,0.0,0.0,0.0,50.0,66.7,3.8,0,5
Gabe York,4.0,2.0,0.5,0.5,1.0,2.0,1.0,1.0,0.0,60.0,16.7,28.6,10.5,0,2
Thaddeus Young,11.404761904761905,1.9904761904761907,1.3514285714285716,0.3738095238095238,1.31,1.7952380952380953,5.285714285714286,3.4761904761904767,1.814285714285714,59.42380952380952,28.447619047619053,47.714285714285715,26.39523809523809,37.904761904761905,60.80952380952381
Trae Young,25.6,1.7249999999999999,4.1875,0.15,0.94,9.125,3.9000000000000004,3.2499999999999996,0.6499999999999999,86.975,35.25,43.825,33.699999999999996,70.0,70.0
Omer Yurtseven,2.65,0.75,0.365,0.18,0.15,0.45,2.6,1.85,0.75,31.15,4.55,26.3,6.3,6.0,28.0
Ivica Zubac,8.2,2.175,1.0612499999999998,0.83125,0.28500000000000003,1.1,6.1000000000000005,4.0875,2.0125,76.0,3.125,57.4625,18.0,33.0,52.375
